Symbol,reference_tpm
7SK,0.0
AC000078.1,0.0
AC000081.1,0.0
AC004461.1,0.0
AC005005.2,0.0
AC005262.1,0.0
AC006130.2,0.0
AC006539.1,0.0
AC007683.1,0.0
AC008481.1,0.0
AC008481.2,0.0
AC010598.1,0.0
AC010970.1,0.0
AC011444.4,0.0
AC012158.1,0.0
AC012618.1,0.0
AC012618.2,0.0
AC018695.1,0.0
AC090498.1,0.0
AC091304.1,0.0
AC092670.1,0.0
AC110749.1,0.0
AC243919.1,0.0
AL022237.1,0.0
AL022331.1,0.0
AL022342.1,0.0
AL031727.1,0.0
AL033519.3,0.0
AL035461.1,0.0
AL080243.2,0.0
AL096701.1,0.0
AL096701.2,0.0
AL121776.1,0.0
AL121890.1,0.0
AL138807.1,0.0
AL139100.1,0.0
AL354766.1,0.0
AL355802.1,0.0
AL356361.3,0.0
AL356421.1,0.0
AL358178.1,0.0
AL445529.1,0.0
AL583834.1,0.0
AP000343.1,0.0
AP000354.1,0.0
AP000769.5,0.0
FO393411.1,0.0
MALAT1,87.339996
MT-ATP6,9633.87207
MT-ATP8,12554.348633
MT-CO1,12795.953125
MT-CO2,11042.662109
MT-CO3,11687.561523
MT-CYB,5106.431641
MT-ND1,4664.477539
MT-ND2,5757.529297
MT-ND3,6924.661621
MT-ND4,8582.602539
MT-ND4L,5780.181152
MT-ND5,1726.697388
MT-ND6,2741.023682
MT-RNR1,1502.447754
MT-RNR2,5174.48584
MT-TA,0.0
MT-TC,0.0
MT-TD,0.0
MT-TE,0.0
MT-TF,0.0
MT-TG,0.0
MT-TH,0.0
MT-TI,0.0
MT-TK,0.0
MT-TL1,0.0
MT-TL2,0.0
MT-TM,0.0
MT-TN,0.0
MT-TP,0.0
MT-TQ,0.0
MT-TR,0.0
MT-TS1,0.0
MT-TS2,0.0
MT-TT,0.0
MT-TV,0.0
MT-TW,0.0
MT-TY,0.0
MTATP6P1,1254.241211
MTATP6P10,0.0
MTATP6P11,0.0
MTATP6P13,0.0
MTATP6P14,0.0
MTATP6P15,0.0
MTATP6P16,0.0
MTATP6P17,0.0
MTATP6P18,0.0
MTATP6P19,0.0
MTATP6P2,0.0
MTATP6P20,0.0
MTATP6P21,0.0
MTATP6P22,0.0
MTATP6P23,0.0
MTATP6P24,0.0
MTATP6P25,0.0
MTATP6P26,0.0
MTATP6P27,0.0
MTATP6P29,0.0
MTATP6P3,0.0
MTATP6P30,0.0
MTATP6P31,0.0
MTATP6P4,0.0
MTATP6P5,0.0
MTATP6P7,0.0
MTATP6P8,0.0
MTATP6P9,0.0
MTATP8P1,0.830088
MTATP8P2,0.0
MTCO1P1,0.0
MTCO1P10,0.0
MTCO1P11,0.0
MTCO1P12,0.0
MTCO1P14,0.0
MTCO1P15,0.0
MTCO1P17,0.0
MTCO1P18,0.0
MTCO1P19,0.0
MTCO1P2,0.0
MTCO1P20,0.0
MTCO1P21,0.0
MTCO1P22,0.0
MTCO1P23,0.0
MTCO1P24,0.0
MTCO1P25,0.0
MTCO1P27,0.0
MTCO1P28,0.0
MTCO1P29,0.0
MTCO1P3,0.0
MTCO1P30,0.0
MTCO1P31,0.0
MTCO1P35,0.0
MTCO1P38,0.0
MTCO1P39,0.0
MTCO1P4,0.0
MTCO1P40,0.0
MTCO1P42,0.0
MTCO1P43,0.0
MTCO1P44,0.0
MTCO1P45,0.0
MTCO1P46,0.0
MTCO1P47,0.0
MTCO1P48,0.0
MTCO1P49,0.0
MTCO1P5,0.0
MTCO1P51,0.0
MTCO1P52,0.0
MTCO1P53,0.0
MTCO1P54,0.0
MTCO1P55,0.0
MTCO1P56,0.0
MTCO1P57,0.0
MTCO1P58,0.0
MTCO1P6,0.0
MTCO1P7,0.0
MTCO1P8,0.0
MTCO1P9,0.0
MTCO2P1,0.0
MTCO2P10,0.0
MTCO2P11,0.0
MTCO2P12,0.0
MTCO2P15,0.0
MTCO2P16,0.0
MTCO2P17,0.0
MTCO2P18,0.0
MTCO2P19,0.0
MTCO2P2,0.0
MTCO2P20,0.0
MTCO2P21,0.0
MTCO2P22,0.0
MTCO2P23,0.0
MTCO2P24,0.0
MTCO2P25,0.0
MTCO2P27,0.0
MTCO2P29,0.0
MTCO2P3,0.0
MTCO2P30,0.0
MTCO2P31,0.0
MTCO2P32,0.0
MTCO2P33,0.0
MTCO2P34,0.0
MTCO2P4,0.0
MTCO2P5,0.0
MTCO2P6,0.0
MTCO2P7,0.0
MTCO2P8,0.0
MTCO2P9,0.0
MTCO3P1,0.0
MTCO3P10,0.0
MTCO3P11,0.0
MTCO3P12,0.0
MTCO3P13,0.0
MTCO3P15,0.0
MTCO3P16,0.0
MTCO3P17,0.0
MTCO3P18,0.0
MTCO3P19,0.0
MTCO3P2,0.0
MTCO3P20,0.0
MTCO3P21,0.0
MTCO3P22,0.0
MTCO3P23,0.0
MTCO3P24,0.0
MTCO3P27,0.0
MTCO3P28,0.0
MTCO3P29,0.0
MTCO3P30,0.0
MTCO3P31,0.0
MTCO3P35,0.0
MTCO3P38,0.0
MTCO3P39,0.0
MTCO3P4,0.0
MTCO3P40,0.0
MTCO3P41,0.0
MTCO3P42,0.0
MTCO3P43,0.0
MTCO3P44,0.0
MTCO3P45,0.0
MTCO3P46,0.0
MTCO3P47,0.0
MTCO3P5,0.0
MTCO3P7,0.0
MTCO3P8,0.0
MTCO3P9,0.0
MTCYBP1,0.0
MTCYBP10,0.0
MTCYBP11,0.0
MTCYBP12,0.0
MTCYBP13,0.0
MTCYBP14,0.0
MTCYBP15,0.0
MTCYBP16,0.0
MTCYBP17,0.0
MTCYBP18,0.0
MTCYBP19,0.0
MTCYBP2,0.0
MTCYBP20,0.0
MTCYBP21,0.0
MTCYBP22,0.0
MTCYBP23,0.0
MTCYBP24,0.0
MTCYBP27,0.0
MTCYBP28,0.0
MTCYBP29,0.0
MTCYBP3,0.0
MTCYBP31,0.0
MTCYBP32,0.0
MTCYBP33,0.0
MTCYBP34,0.0
MTCYBP35,0.0
MTCYBP36,0.0
MTCYBP37,0.0
MTCYBP38,0.0
MTCYBP39,0.0
MTCYBP4,0.0
MTCYBP40,0.0
MTCYBP41,0.0
MTCYBP42,0.0
MTCYBP43,0.0
MTCYBP44,0.0
MTCYBP45,0.0
MTCYBP5,0.0
MTCYBP6,0.0
MTCYBP7,0.0
MTCYBP8,0.0
MTCYBP9,0.0
MTND1P1,0.0
MTND1P10,0.0
MTND1P11,0.0
MTND1P12,0.0
MTND1P14,0.0
MTND1P15,0.0
MTND1P16,0.0
MTND1P17,0.0
MTND1P18,0.0
MTND1P19,0.0
MTND1P2,0.0
MTND1P20,0.0
MTND1P21,0.0
MTND1P22,0.0
MTND1P23,6.510194
MTND1P24,0.0
MTND1P26,0.0
MTND1P27,0.0
MTND1P28,0.0
MTND1P29,0.0
MTND1P3,0.0
MTND1P30,0.0
MTND1P31,0.0
MTND1P32,0.0
MTND1P33,0.0
MTND1P34,0.0
MTND1P35,0.0
MTND1P36,0.0
MTND1P37,0.0
MTND1P4,0.0
MTND1P5,0.0
MTND1P6,0.0
MTND1P7,0.0
MTND1P8,0.0
MTND1P9,0.0
MTND2P11,0.0
MTND2P12,0.0
MTND2P13,0.0
MTND2P14,0.0
MTND2P15,0.0
MTND2P16,0.0
MTND2P17,0.0
MTND2P18,0.0
MTND2P19,0.0
MTND2P2,0.0
MTND2P20,0.0
MTND2P21,0.0
MTND2P22,0.0
MTND2P23,0.0
MTND2P24,0.0
MTND2P25,0.0
MTND2P26,0.0
MTND2P28,170.294983
MTND2P29,0.0
MTND2P3,0.0
MTND2P30,0.0
MTND2P31,0.0
MTND2P32,0.0
MTND2P33,0.0
MTND2P38,0.0
MTND2P39,0.0
MTND2P4,0.0
MTND2P40,0.0
MTND2P41,0.0
MTND2P5,0.0
MTND2P6,0.0
MTND2P7,0.0
MTND2P8,0.0
MTND2P9,0.0
MTND3P1,0.0
MTND3P10,0.0
MTND3P12,0.0
MTND3P13,0.0
MTND3P15,0.0
MTND3P16,0.0
MTND3P17,0.0
MTND3P18,0.0
MTND3P19,0.0
MTND3P2,0.0
MTND3P20,0.0
MTND3P21,0.0
MTND3P22,0.0
MTND3P23,0.0
MTND3P24,0.0
MTND3P25,0.0
MTND3P3,0.0
MTND3P4,0.0
MTND3P5,0.0
MTND3P6,0.0
MTND3P7,0.0
MTND3P8,0.0
MTND3P9,0.0
MTND4LP1,0.0
MTND4LP10,0.0
MTND4LP11,0.0
MTND4LP12,0.0
MTND4LP13,0.0
MTND4LP14,0.0
MTND4LP16,0.0
MTND4LP17,0.0
MTND4LP18,0.0
MTND4LP19,0.0
MTND4LP2,0.0
MTND4LP20,0.0
MTND4LP21,0.0
MTND4LP22,0.0
MTND4LP24,0.0
MTND4LP25,0.0
MTND4LP26,0.0
MTND4LP3,0.0
MTND4LP30,0.0
MTND4LP31,0.0
MTND4LP32,0.0
MTND4LP5,0.0
MTND4LP7,0.0
MTND4LP9,0.0
MTND4P1,0.0
MTND4P10,0.0
MTND4P11,0.0
MTND4P12,1.75
MTND4P13,0.0
MTND4P14,0.0
MTND4P15,0.0201
MTND4P16,0.0
MTND4P17,0.0
MTND4P18,0.0
MTND4P19,0.0
MTND4P2,0.0
MTND4P20,0.0
MTND4P21,0.0
MTND4P22,0.0
MTND4P23,0.0201
MTND4P24,0.0
MTND4P25,0.0
MTND4P26,0.0301
MTND4P27,0.0
MTND4P28,0.0
MTND4P29,0.0
MTND4P3,0.0
MTND4P30,0.0
MTND4P31,0.0
MTND4P32,0.0
MTND4P33,0.0
MTND4P34,0.0
MTND4P35,0.0
MTND4P4,0.0
MTND4P5,0.0
MTND4P6,0.0
MTND4P7,0.0
MTND4P8,0.0
MTND4P9,0.0201
MTND5P1,0.040101
MTND5P10,0.0
MTND5P11,0.140103
MTND5P12,0.0
MTND5P13,0.0
MTND5P14,0.0
MTND5P15,0.0
MTND5P16,0.0
MTND5P17,0.0
MTND5P18,0.0
MTND5P19,0.0
MTND5P2,0.0
MTND5P20,0.0
MTND5P21,0.0
MTND5P22,0.0
MTND5P23,0.0
MTND5P24,0.0
MTND5P25,0.0
MTND5P26,0.0
MTND5P27,0.0
MTND5P28,0.0201
MTND5P29,0.0
MTND5P3,0.0
MTND5P30,0.0
MTND5P31,0.0
MTND5P32,0.0
MTND5P33,0.0
MTND5P34,0.0
MTND5P35,0.0
MTND5P4,0.0
MTND5P40,0.0
MTND5P41,0.0
MTND5P42,0.0
MTND5P5,0.0
MTND5P6,0.0
MTND5P7,0.0
MTND5P8,0.0
MTND5P9,0.0
MTND6P1,0.0
MTND6P10,0.0
MTND6P11,0.0
MTND6P12,0.0
MTND6P13,0.0
MTND6P14,0.0
MTND6P15,0.0
MTND6P16,0.0
MTND6P17,0.0
MTND6P18,0.0
MTND6P19,0.0
MTND6P2,0.0
MTND6P20,0.0
MTND6P21,0.0
MTND6P22,0.0
MTND6P24,0.0
MTND6P25,0.0
MTND6P29,0.0
MTND6P3,0.0
MTND6P32,0.0
MTND6P33,0.0
MTND6P35,0.0
MTND6P4,0.210098
MTND6P5,0.0
MTND6P6,0.0
MTND6P7,0.0
MTND6P8,0.0
MTND6P9,0.0
MTRNR2L1,0.0
MTRNR2L10,0.0
MTRNR2L11,0.0
MTRNR2L12,0.600085
MTRNR2L13,0.0
MTRNR2L2,0.0
MTRNR2L3,0.0
MTRNR2L4,0.0201
MTRNR2L5,0.0
MTRNR2L6,0.0
MTRNR2L7,0.0
MTRNR2L8,0.150098
MTRNR2L9,0.0
Metazoa_SRP,616.631775
NEAT1,193.916687
NRON,0.0
RMRP,11.219872
RMRPP5,0.0
RN7SK,41.469204
RN7SKP1,0.0
RN7SKP10,0.0
RN7SKP100,0.0
RN7SKP101,0.0
RN7SKP102,0.0
RN7SKP103,0.0
RN7SKP104,0.0
RN7SKP105,0.0
RN7SKP106,0.0
RN7SKP107,0.0
RN7SKP108,0.0
RN7SKP109,0.0
RN7SKP11,0.0
RN7SKP110,0.0
RN7SKP111,0.0
RN7SKP112,0.0
RN7SKP113,0.0
RN7SKP114,0.0
RN7SKP115,0.0
RN7SKP116,0.0
RN7SKP117,0.0
RN7SKP118,0.0
RN7SKP119,0.0
RN7SKP12,0.0
RN7SKP120,0.0
RN7SKP121,0.0
RN7SKP122,0.0
RN7SKP123,0.0
RN7SKP124,0.0
RN7SKP125,0.0
RN7SKP126,0.0
RN7SKP127,0.0
RN7SKP128,0.0
RN7SKP129,0.0
RN7SKP13,0.0
RN7SKP130,0.0
RN7SKP131,0.0
RN7SKP132,0.0
RN7SKP133,0.0
RN7SKP134,0.0
RN7SKP135,0.0
RN7SKP136,0.0
RN7SKP137,0.0
RN7SKP139,0.0
RN7SKP14,0.0
RN7SKP140,0.0
RN7SKP141,0.0
RN7SKP142,0.0
RN7SKP143,0.0
RN7SKP144,0.0
RN7SKP145,0.0
RN7SKP146,0.0
RN7SKP147,0.0
RN7SKP148,0.0
RN7SKP149,0.0
RN7SKP15,0.0
RN7SKP150,0.130096
RN7SKP151,0.0
RN7SKP152,0.0
RN7SKP153,0.0
RN7SKP154,0.0
RN7SKP155,0.0
RN7SKP156,0.0
RN7SKP157,0.0
RN7SKP158,0.0
RN7SKP159,0.0
RN7SKP16,0.34009
RN7SKP160,0.03
RN7SKP161,0.0
RN7SKP162,0.0
RN7SKP163,0.0
RN7SKP164,0.0
RN7SKP165,0.0
RN7SKP166,0.0
RN7SKP167,0.0
RN7SKP168,0.0
RN7SKP169,0.0
RN7SKP17,0.0
RN7SKP170,0.0
RN7SKP171,0.0
RN7SKP172,0.0
RN7SKP173,0.0
RN7SKP174,0.0
RN7SKP175,0.110098
RN7SKP176,0.0
RN7SKP177,0.0
RN7SKP178,0.0
RN7SKP179,0.0
RN7SKP18,0.0
RN7SKP180,0.0
RN7SKP181,0.0
RN7SKP182,0.0
RN7SKP183,0.0
RN7SKP184,0.0
RN7SKP185,0.0
RN7SKP186,0.0
RN7SKP187,0.0
RN7SKP188,0.0
RN7SKP189,0.0
RN7SKP19,0.0
RN7SKP190,0.0
RN7SKP191,0.0
RN7SKP192,0.0
RN7SKP193,0.0
RN7SKP194,0.0
RN7SKP195,0.0
RN7SKP196,0.0
RN7SKP197,0.0
RN7SKP198,0.0
RN7SKP199,0.0
RN7SKP2,0.0
RN7SKP20,0.0
RN7SKP200,0.0
RN7SKP202,0.0
RN7SKP203,0.0
RN7SKP204,0.0
RN7SKP205,0.0
RN7SKP206,0.0
RN7SKP207,0.0
RN7SKP208,0.0
RN7SKP209,0.0
RN7SKP21,0.0
RN7SKP210,0.0
RN7SKP211,0.0
RN7SKP212,0.0
RN7SKP213,0.0
RN7SKP214,0.0
RN7SKP216,0.0
RN7SKP217,0.0
RN7SKP218,0.0
RN7SKP219,0.0
RN7SKP22,0.0
RN7SKP220,0.0
RN7SKP221,0.0
RN7SKP222,0.0
RN7SKP223,0.0
RN7SKP224,0.0
RN7SKP225,0.0
RN7SKP226,0.0
RN7SKP227,0.0
RN7SKP228,0.0
RN7SKP229,0.0
RN7SKP230,0.0
RN7SKP231,0.0
RN7SKP232,0.0
RN7SKP233,0.0
RN7SKP234,0.0
RN7SKP235,0.0
RN7SKP236,0.0
RN7SKP237,0.0
RN7SKP238,0.0
RN7SKP239,0.0
RN7SKP24,0.0
RN7SKP240,0.0
RN7SKP241,0.0
RN7SKP242,0.0
RN7SKP243,0.0
RN7SKP244,0.0
RN7SKP245,0.0
RN7SKP246,0.0
RN7SKP247,0.0
RN7SKP248,0.0
RN7SKP249,0.0
RN7SKP25,0.0
RN7SKP250,0.0
RN7SKP251,0.0
RN7SKP252,0.0
RN7SKP253,0.0
RN7SKP254,0.0
RN7SKP255,0.0
RN7SKP256,0.0
RN7SKP257,0.0
RN7SKP258,0.0
RN7SKP259,0.0
RN7SKP26,0.0
RN7SKP260,0.0
RN7SKP261,0.0
RN7SKP262,0.0
RN7SKP263,0.0
RN7SKP264,0.0
RN7SKP265,0.0
RN7SKP266,0.0
RN7SKP267,0.0
RN7SKP268,0.0
RN7SKP269,0.0
RN7SKP27,0.0
RN7SKP270,0.0
RN7SKP271,0.0
RN7SKP272,0.0
RN7SKP273,0.0
RN7SKP275,0.0
RN7SKP276,0.0
RN7SKP277,0.0
RN7SKP278,0.0
RN7SKP279,0.0
RN7SKP28,0.0
RN7SKP280,0.0
RN7SKP281,0.0
RN7SKP282,0.0
RN7SKP283,0.0
RN7SKP284,0.0
RN7SKP285,0.0
RN7SKP286,0.0
RN7SKP287,0.0
RN7SKP288,0.0
RN7SKP289,0.0
RN7SKP29,0.0
RN7SKP290,0.0
RN7SKP291,0.0
RN7SKP292,0.0
RN7SKP293,0.0
RN7SKP294,0.0
RN7SKP295,0.0
RN7SKP296,0.0
RN7SKP297,0.0
RN7SKP298,0.0
RN7SKP299,0.0
RN7SKP3,0.0
RN7SKP30,0.110098
RN7SKP31,0.0
RN7SKP32,0.0
RN7SKP33,0.0
RN7SKP34,0.0
RN7SKP35,0.0
RN7SKP36,0.0
RN7SKP37,0.0
RN7SKP38,0.0
RN7SKP39,0.0
RN7SKP4,0.0
RN7SKP40,0.0
RN7SKP42,0.0
RN7SKP43,0.0
RN7SKP44,0.0
RN7SKP45,0.0
RN7SKP46,0.0
RN7SKP47,0.0
RN7SKP48,0.0
RN7SKP49,0.0
RN7SKP5,0.0
RN7SKP50,0.0
RN7SKP51,0.0
RN7SKP52,0.0
RN7SKP53,0.0
RN7SKP54,0.0
RN7SKP55,0.0
RN7SKP56,0.0
RN7SKP57,0.0
RN7SKP58,0.0
RN7SKP59,0.0
RN7SKP6,0.0
RN7SKP60,0.0
RN7SKP61,0.0
RN7SKP62,0.0
RN7SKP63,0.0
RN7SKP64,0.0
RN7SKP65,0.0
RN7SKP66,0.0
RN7SKP67,0.0
RN7SKP68,0.0
RN7SKP69,0.0
RN7SKP7,0.0
RN7SKP70,0.520116
RN7SKP71,0.0
RN7SKP72,0.0
RN7SKP73,0.0
RN7SKP74,0.0
RN7SKP75,0.0
RN7SKP76,0.0
RN7SKP77,0.0
RN7SKP78,0.0
RN7SKP79,0.0
RN7SKP8,0.0
RN7SKP80,0.480097
RN7SKP81,0.0
RN7SKP82,0.0
RN7SKP83,0.0
RN7SKP85,0.0
RN7SKP86,0.0
RN7SKP87,0.0
RN7SKP88,0.0
RN7SKP89,0.0
RN7SKP9,0.0
RN7SKP90,0.0
RN7SKP91,0.0
RN7SKP92,0.0
RN7SKP93,0.0
RN7SKP94,0.0
RN7SKP95,0.0
RN7SKP96,0.0
RN7SKP97,0.0
RN7SKP98,0.0
RN7SKP99,0.0
RN7SL1,389.045898
RN7SL100P,0.0
RN7SL101P,0.0
RN7SL104P,0.0
RN7SL105P,0.0
RN7SL106P,0.0
RN7SL107P,0.0
RN7SL108P,0.0
RN7SL110P,0.0
RN7SL111P,0.0
RN7SL113P,0.0
RN7SL116P,0.0
RN7SL117P,0.0
RN7SL118P,0.0
RN7SL11P,0.0
RN7SL120P,0.0
RN7SL121P,0.0
RN7SL122P,0.0
RN7SL123P,0.0
RN7SL124P,0.0
RN7SL125P,0.0
RN7SL126P,0.0
RN7SL127P,0.0
RN7SL128P,0.0
RN7SL12P,0.0
RN7SL130P,0.160096
RN7SL131P,0.0
RN7SL132P,0.0
RN7SL134P,0.0
RN7SL135P,0.0
RN7SL138P,0.970071
RN7SL140P,0.0
RN7SL141P,0.0
RN7SL143P,0.0
RN7SL144P,0.0
RN7SL145P,0.310103
RN7SL146P,0.0
RN7SL147P,0.0
RN7SL148P,0.0
RN7SL149P,0.0
RN7SL14P,0.0
RN7SL150P,0.0
RN7SL151P,0.0
RN7SL152P,0.0
RN7SL153P,0.0
RN7SL154P,0.0
RN7SL155P,0.0
RN7SL156P,0.0
RN7SL159P,0.0
RN7SL15P,0.0
RN7SL160P,0.0
RN7SL162P,0.0
RN7SL163P,0.0
RN7SL164P,0.0
RN7SL165P,0.0
RN7SL166P,0.0
RN7SL167P,0.0
RN7SL168P,0.0
RN7SL169P,0.0
RN7SL16P,0.0
RN7SL170P,0.0
RN7SL172P,0.0
RN7SL173P,0.0
RN7SL174P,0.0
RN7SL176P,0.0
RN7SL177P,0.0
RN7SL178P,0.0
RN7SL180P,0.0
RN7SL181P,0.220097
RN7SL182P,0.0
RN7SL183P,0.0
RN7SL184P,0.0
RN7SL185P,0.0
RN7SL186P,0.0
RN7SL187P,0.0
RN7SL188P,0.0
RN7SL189P,0.0
RN7SL18P,0.0
RN7SL190P,0.0
RN7SL191P,0.0
RN7SL192P,0.160096
RN7SL193P,0.0
RN7SL196P,0.0
RN7SL197P,0.0
RN7SL198P,0.0
RN7SL199P,0.17
RN7SL19P,0.0
RN7SL2,0.0
RN7SL200P,0.0
RN7SL201P,0.0
RN7SL202P,0.0
RN7SL203P,0.0
RN7SL204P,0.0
RN7SL205P,0.0
RN7SL208P,0.0
RN7SL209P,0.0
RN7SL20P,0.0
RN7SL210P,0.0
RN7SL211P,0.0
RN7SL213P,0.0
RN7SL214P,0.0
RN7SL215P,0.0
RN7SL216P,0.0
RN7SL217P,0.0
RN7SL218P,0.0
RN7SL219P,0.0
RN7SL220P,0.0
RN7SL221P,0.0
RN7SL222P,0.0
RN7SL223P,0.0
RN7SL225P,0.0
RN7SL228P,0.0
RN7SL229P,0.0
RN7SL22P,0.0
RN7SL230P,0.0
RN7SL231P,0.0
RN7SL233P,0.0
RN7SL234P,0.0
RN7SL236P,0.0
RN7SL237P,0.0
RN7SL238P,0.0
RN7SL239P,0.0
RN7SL23P,0.210098
RN7SL240P,0.0
RN7SL241P,0.0
RN7SL242P,0.0
RN7SL244P,0.0
RN7SL246P,0.0
RN7SL248P,0.0
RN7SL250P,0.0
RN7SL251P,0.0
RN7SL252P,0.0
RN7SL253P,0.0
RN7SL254P,0.0
RN7SL255P,0.0
RN7SL258P,0.0
RN7SL259P,0.0
RN7SL25P,0.0
RN7SL260P,0.0
RN7SL261P,0.0
RN7SL262P,0.0
RN7SL263P,0.0
RN7SL265P,0.0
RN7SL266P,0.0
RN7SL267P,0.0
RN7SL268P,0.38011
RN7SL269P,0.0
RN7SL26P,0.0
RN7SL270P,0.0
RN7SL271P,0.0
RN7SL272P,0.0
RN7SL273P,0.0
RN7SL274P,0.0
RN7SL275P,0.0
RN7SL277P,0.0
RN7SL278P,0.0
RN7SL279P,0.0
RN7SL280P,0.0
RN7SL282P,0.0
RN7SL283P,0.0
RN7SL284P,0.0
RN7SL285P,0.0
RN7SL286P,0.0
RN7SL288P,0.0
RN7SL28P,0.0
RN7SL290P,0.0
RN7SL291P,0.0
RN7SL292P,0.0
RN7SL293P,0.0
RN7SL294P,0.0
RN7SL296P,0.0
RN7SL297P,0.0
RN7SL299P,0.0
RN7SL3,0.0
RN7SL300P,0.0
RN7SL301P,0.0
RN7SL302P,0.0
RN7SL303P,0.0
RN7SL304P,0.0
RN7SL305P,0.0
RN7SL306P,0.0
RN7SL307P,0.0
RN7SL308P,0.0
RN7SL309P,0.0
RN7SL30P,0.0
RN7SL310P,0.0
RN7SL311P,0.0
RN7SL313P,0.0
RN7SL314P,0.0
RN7SL316P,0.0
RN7SL317P,0.0
RN7SL318P,0.0
RN7SL319P,0.0
RN7SL320P,0.0
RN7SL321P,0.0
RN7SL322P,0.0
RN7SL323P,0.0
RN7SL325P,0.0
RN7SL326P,0.0
RN7SL327P,0.0
RN7SL328P,0.0
RN7SL329P,0.0
RN7SL32P,0.0
RN7SL330P,0.0
RN7SL331P,0.0
RN7SL332P,0.0
RN7SL333P,0.230106
RN7SL334P,0.0
RN7SL335P,0.0
RN7SL336P,0.100098
RN7SL337P,0.0
RN7SL338P,0.0
RN7SL339P,0.0
RN7SL33P,0.0
RN7SL340P,0.0
RN7SL341P,0.0
RN7SL342P,0.0
RN7SL343P,0.0
RN7SL344P,0.0
RN7SL346P,0.0
RN7SL34P,0.0
RN7SL350P,0.0
RN7SL351P,0.0
RN7SL352P,0.0
RN7SL353P,0.0
RN7SL354P,0.0
RN7SL356P,0.0
RN7SL357P,0.0
RN7SL359P,0.0
RN7SL35P,0.0
RN7SL361P,0.0
RN7SL362P,0.0
RN7SL363P,0.0
RN7SL364P,0.120102
RN7SL366P,0.0
RN7SL368P,0.0
RN7SL369P,0.0
RN7SL36P,0.0
RN7SL370P,0.0
RN7SL371P,0.0
RN7SL372P,0.0
RN7SL375P,0.0
RN7SL376P,0.0
RN7SL377P,0.0
RN7SL378P,0.0
RN7SL379P,0.0
RN7SL37P,0.0
RN7SL380P,0.0
RN7SL381P,0.330099
RN7SL382P,0.0
RN7SL383P,0.0
RN7SL384P,0.0
RN7SL385P,0.0
RN7SL386P,0.0
RN7SL387P,0.0
RN7SL388P,0.0
RN7SL38P,0.0
RN7SL390P,0.0
RN7SL391P,0.0
RN7SL392P,0.0
RN7SL393P,0.0
RN7SL394P,0.0
RN7SL395P,0.0
RN7SL396P,0.0
RN7SL397P,0.0
RN7SL398P,0.0
RN7SL399P,0.0
RN7SL39P,0.0
RN7SL400P,0.0
RN7SL401P,0.0
RN7SL402P,0.0
RN7SL403P,0.0
RN7SL404P,0.0
RN7SL405P,0.0
RN7SL408P,0.0
RN7SL40P,0.0
RN7SL411P,0.0
RN7SL413P,0.0
RN7SL414P,0.0
RN7SL415P,0.0
RN7SL416P,0.0
RN7SL417P,0.0
RN7SL418P,0.0
RN7SL419P,0.0
RN7SL41P,0.0
RN7SL420P,0.0
RN7SL422P,0.0
RN7SL423P,0.0
RN7SL424P,0.0
RN7SL426P,0.0
RN7SL428P,0.0
RN7SL429P,0.0
RN7SL42P,0.0
RN7SL430P,0.0
RN7SL431P,0.140103
RN7SL432P,0.0
RN7SL434P,0.0
RN7SL435P,0.0
RN7SL43P,0.0
RN7SL440P,0.0
RN7SL441P,0.0
RN7SL442P,0.0
RN7SL443P,0.0
RN7SL444P,0.0
RN7SL445P,0.0
RN7SL446P,0.0
RN7SL447P,0.0
RN7SL448P,0.0
RN7SL449P,0.0
RN7SL44P,0.0
RN7SL451P,0.0
RN7SL452P,0.0
RN7SL453P,0.0
RN7SL454P,0.0
RN7SL455P,0.0
RN7SL456P,0.0
RN7SL457P,0.0
RN7SL459P,0.0
RN7SL45P,0.0
RN7SL460P,0.0
RN7SL461P,0.0
RN7SL462P,0.0
RN7SL464P,0.0
RN7SL465P,0.0
RN7SL466P,0.0
RN7SL468P,0.0
RN7SL469P,0.0
RN7SL470P,0.0
RN7SL471P,0.0
RN7SL472P,0.0
RN7SL473P,0.0
RN7SL474P,0.0
RN7SL475P,0.0
RN7SL477P,0.0
RN7SL478P,0.0
RN7SL479P,0.0
RN7SL47P,0.0
RN7SL480P,0.0
RN7SL481P,0.190094
RN7SL482P,0.0
RN7SL483P,0.0
RN7SL484P,0.0
RN7SL487P,0.0
RN7SL488P,0.0
RN7SL489P,0.0
RN7SL48P,0.0
RN7SL491P,0.0
RN7SL492P,0.0
RN7SL493P,0.0
RN7SL494P,0.0
RN7SL495P,0.0
RN7SL496P,0.0
RN7SL497P,0.0
RN7SL498P,0.0
RN7SL499P,0.0
RN7SL49P,0.0
RN7SL4P,0.520116
RN7SL502P,0.0
RN7SL503P,0.0
RN7SL504P,0.0
RN7SL505P,0.0
RN7SL507P,0.0
RN7SL508P,0.0
RN7SL509P,0.0
RN7SL50P,0.0
RN7SL510P,0.0
RN7SL513P,0.0
RN7SL515P,0.0
RN7SL516P,0.0
RN7SL517P,0.0
RN7SL518P,0.0
RN7SL519P,0.0
RN7SL51P,0.0
RN7SL520P,0.0
RN7SL521P,0.290102
RN7SL523P,0.0
RN7SL524P,0.0
RN7SL525P,0.0
RN7SL526P,0.100098
RN7SL52P,0.0
RN7SL530P,0.0
RN7SL531P,0.0
RN7SL535P,0.120102
RN7SL536P,0.0
RN7SL538P,0.0
RN7SL539P,0.0
RN7SL541P,0.0
RN7SL542P,0.0
RN7SL543P,0.0
RN7SL544P,0.0
RN7SL545P,0.0
RN7SL546P,0.0
RN7SL547P,0.0
RN7SL549P,0.0
RN7SL551P,0.0
RN7SL552P,0.0
RN7SL553P,0.0
RN7SL554P,0.0
RN7SL555P,0.0
RN7SL556P,0.0
RN7SL557P,0.0
RN7SL558P,0.0
RN7SL559P,0.0
RN7SL55P,0.0
RN7SL560P,0.0
RN7SL561P,0.0
RN7SL563P,0.0
RN7SL564P,0.0
RN7SL565P,0.0
RN7SL566P,0.190094
RN7SL567P,0.0
RN7SL568P,0.0
RN7SL569P,0.0
RN7SL570P,0.0
RN7SL571P,0.0
RN7SL573P,0.0
RN7SL574P,0.260096
RN7SL575P,0.0
RN7SL577P,0.0
RN7SL578P,0.0
RN7SL57P,0.0
RN7SL580P,0.0
RN7SL581P,0.0
RN7SL582P,0.0
RN7SL583P,0.0
RN7SL584P,0.0
RN7SL585P,0.0
RN7SL586P,0.0
RN7SL587P,0.0
RN7SL589P,0.0
RN7SL58P,0.0
RN7SL591P,0.0
RN7SL592P,0.0
RN7SL594P,0.0
RN7SL596P,0.0
RN7SL597P,0.0
RN7SL598P,0.0
RN7SL5P,0.0
RN7SL600P,0.140103
RN7SL601P,0.0
RN7SL602P,0.0
RN7SL604P,0.0
RN7SL605P,0.0
RN7SL606P,0.0
RN7SL607P,0.0
RN7SL608P,0.965099
RN7SL60P,0.0
RN7SL610P,0.0
RN7SL612P,0.0
RN7SL614P,0.0
RN7SL615P,0.0
RN7SL616P,0.0
RN7SL617P,0.0
RN7SL618P,0.0
RN7SL619P,0.0
RN7SL620P,0.0
RN7SL621P,0.0
RN7SL622P,0.0
RN7SL623P,0.0
RN7SL624P,0.0
RN7SL625P,0.0
RN7SL627P,0.0
RN7SL628P,0.0
RN7SL629P,0.0
RN7SL62P,0.0
RN7SL630P,0.0
RN7SL632P,0.0
RN7SL633P,0.0
RN7SL634P,0.0
RN7SL635P,0.0
RN7SL636P,0.0
RN7SL638P,0.0
RN7SL63P,0.0
RN7SL640P,0.0
RN7SL643P,0.0
RN7SL644P,0.0
RN7SL645P,0.0
RN7SL646P,0.0
RN7SL647P,0.0
RN7SL648P,0.0
RN7SL649P,0.0
RN7SL650P,0.0
RN7SL652P,0.0
RN7SL653P,0.0
RN7SL654P,0.0
RN7SL655P,0.0
RN7SL656P,0.17
RN7SL657P,0.130096
RN7SL658P,0.0
RN7SL659P,0.0
RN7SL65P,0.0
RN7SL660P,0.0
RN7SL663P,0.160096
RN7SL664P,0.0
RN7SL665P,0.0
RN7SL666P,0.0
RN7SL667P,0.0
RN7SL668P,0.0
RN7SL66P,0.0
RN7SL670P,0.0
RN7SL672P,0.0
RN7SL673P,0.0
RN7SL674P,0.0
RN7SL675P,0.0
RN7SL677P,0.0
RN7SL678P,0.0
RN7SL679P,0.0
RN7SL67P,0.0
RN7SL680P,0.0
RN7SL681P,0.0
RN7SL683P,0.0
RN7SL684P,0.0
RN7SL685P,0.0
RN7SL687P,0.0
RN7SL688P,0.0
RN7SL689P,0.590088
RN7SL68P,0.0
RN7SL690P,0.0
RN7SL691P,0.0
RN7SL692P,0.0
RN7SL693P,0.0
RN7SL697P,0.0
RN7SL698P,0.0
RN7SL69P,0.0
RN7SL700P,0.0
RN7SL702P,0.0
RN7SL703P,0.0
RN7SL704P,0.0
RN7SL705P,0.0
RN7SL706P,0.0
RN7SL708P,0.0
RN7SL709P,0.0
RN7SL70P,0.0
RN7SL711P,0.0
RN7SL712P,0.0
RN7SL713P,0.0
RN7SL714P,0.0
RN7SL715P,0.0
RN7SL716P,0.0
RN7SL717P,0.0
RN7SL718P,0.0
RN7SL719P,0.0
RN7SL720P,0.0
RN7SL722P,0.0
RN7SL724P,0.0
RN7SL725P,0.0
RN7SL726P,0.0
RN7SL727P,0.0
RN7SL728P,0.0
RN7SL72P,0.0
RN7SL731P,1.970062
RN7SL732P,0.0
RN7SL733P,0.0
RN7SL734P,0.0
RN7SL735P,0.0
RN7SL736P,0.0
RN7SL737P,0.7
RN7SL738P,0.250107
RN7SL73P,0.0
RN7SL740P,0.0
RN7SL741P,0.0
RN7SL743P,0.0
RN7SL744P,0.0
RN7SL745P,0.0
RN7SL748P,0.0
RN7SL749P,0.0
RN7SL74P,0.0
RN7SL750P,0.0
RN7SL751P,0.0
RN7SL752P,0.0
RN7SL753P,0.0
RN7SL754P,0.0
RN7SL756P,0.0
RN7SL757P,0.0
RN7SL759P,0.0
RN7SL75P,0.0
RN7SL760P,0.0
RN7SL761P,0.0
RN7SL762P,0.0
RN7SL763P,0.0
RN7SL764P,0.0
RN7SL766P,0.0
RN7SL767P,0.0
RN7SL769P,0.0
RN7SL76P,0.0
RN7SL771P,0.0
RN7SL774P,0.0
RN7SL775P,0.0
RN7SL776P,0.0
RN7SL778P,0.0
RN7SL77P,0.0
RN7SL782P,0.0
RN7SL783P,0.0
RN7SL784P,0.0
RN7SL785P,0.0
RN7SL786P,0.0
RN7SL787P,0.0
RN7SL788P,0.0
RN7SL789P,0.0
RN7SL78P,0.0
RN7SL790P,0.0
RN7SL791P,0.0
RN7SL792P,0.0
RN7SL793P,0.0
RN7SL794P,0.0
RN7SL795P,0.0
RN7SL796P,0.0
RN7SL797P,0.0
RN7SL798P,0.0
RN7SL799P,0.0
RN7SL79P,0.0
RN7SL7P,0.0
RN7SL800P,0.0
RN7SL801P,0.0
RN7SL802P,0.0
RN7SL803P,0.0
RN7SL804P,0.0
RN7SL806P,0.0
RN7SL807P,0.0
RN7SL808P,0.0
RN7SL809P,0.240099
RN7SL810P,0.0
RN7SL811P,0.0
RN7SL812P,0.0
RN7SL813P,0.0
RN7SL814P,0.0
RN7SL815P,0.0
RN7SL817P,0.0
RN7SL818P,0.0
RN7SL819P,0.0
RN7SL81P,0.270107
RN7SL820P,0.0
RN7SL822P,0.0
RN7SL823P,0.0
RN7SL824P,0.0
RN7SL825P,0.0
RN7SL826P,0.0
RN7SL827P,0.0
RN7SL828P,0.0
RN7SL82P,0.0
RN7SL831P,0.0
RN7SL833P,0.0
RN7SL834P,0.4501
RN7SL835P,0.0
RN7SL836P,0.0
RN7SL837P,0.0
RN7SL838P,0.0
RN7SL83P,0.0
RN7SL840P,0.0
RN7SL841P,0.0
RN7SL842P,0.0
RN7SL843P,0.0
RN7SL845P,0.0
RN7SL846P,0.0
RN7SL847P,0.0
RN7SL849P,0.0
RN7SL850P,0.0
RN7SL851P,0.0
RN7SL853P,0.0
RN7SL854P,0.0
RN7SL856P,0.0
RN7SL860P,0.0
RN7SL861P,0.0
RN7SL862P,0.0
RN7SL863P,0.0
RN7SL864P,0.0
RN7SL865P,0.0
RN7SL868P,0.0
RN7SL869P,0.0
RN7SL870P,0.0
RN7SL87P,0.0
RN7SL88P,0.0
RN7SL89P,0.0
RN7SL8P,0.0
RN7SL91P,0.0
RN7SL93P,0.0
RN7SL96P,0.0
RN7SL97P,0.0
RN7SL98P,0.0
RNA28S5,0.0
RNA5-8SP2,0.0
RNA5-8SP3,0.0
RNA5-8SP4,0.0
RNA5-8SP5,0.0
RNA5-8SP6,0.0
RNA5-8SP7,0.0
RNA5S1,0.0
RNA5S10,0.0
RNA5S11,0.0
RNA5S12,0.0
RNA5S13,0.0
RNA5S14,0.0
RNA5S15,0.0
RNA5S16,0.0
RNA5S17,0.0
RNA5S2,0.0
RNA5S3,0.0
RNA5S4,0.0
RNA5S5,0.0
RNA5S6,0.0
RNA5S7,0.0
RNA5S8,0.0
RNA5S9,0.0
RNA5SP100,0.0
RNA5SP101,0.0
RNA5SP102,0.0
RNA5SP103,0.0
RNA5SP104,0.0
RNA5SP105,0.0
RNA5SP106,0.0
RNA5SP107,0.0
RNA5SP108,0.0
RNA5SP109,0.0
RNA5SP110,0.0
RNA5SP111,0.0
RNA5SP112,0.0
RNA5SP113,0.0
RNA5SP114,0.0
RNA5SP115,0.0
RNA5SP116,0.0
RNA5SP117,0.0
RNA5SP118,0.0
RNA5SP119,0.0
RNA5SP120,0.0
RNA5SP121,0.0
RNA5SP122,0.0
RNA5SP123,0.0
RNA5SP124,0.0
RNA5SP125,0.0
RNA5SP126,0.0
RNA5SP127,0.0
RNA5SP128,0.0
RNA5SP129,0.0
RNA5SP130,0.0
RNA5SP131,0.0
RNA5SP132,0.0
RNA5SP133,0.0
RNA5SP134,0.0
RNA5SP135,0.0
RNA5SP136,0.0
RNA5SP137,0.0
RNA5SP138,0.0
RNA5SP139,0.0
RNA5SP140,0.0
RNA5SP141,0.0
RNA5SP142,0.0
RNA5SP143,0.0
RNA5SP144,0.0
RNA5SP145,0.0
RNA5SP146,0.0
RNA5SP147,0.0
RNA5SP148,0.0
RNA5SP149,0.0
RNA5SP150,0.0
RNA5SP151,0.0
RNA5SP152,0.0
RNA5SP153,0.0
RNA5SP154,0.0
RNA5SP155,0.0
RNA5SP156,0.0
RNA5SP157,0.0
RNA5SP158,0.0
RNA5SP159,0.0
RNA5SP160,0.0
RNA5SP161,0.0
RNA5SP162,0.0
RNA5SP163,0.0
RNA5SP164,0.0
RNA5SP165,0.0
RNA5SP166,0.0
RNA5SP167,0.0
RNA5SP168,0.0
RNA5SP169,0.0
RNA5SP170,0.0
RNA5SP171,0.0
RNA5SP172,0.0
RNA5SP173,0.0
RNA5SP174,0.0
RNA5SP175,0.0
RNA5SP176,0.0
RNA5SP177,0.0
RNA5SP178,0.0
RNA5SP179,0.0
RNA5SP18,0.0
RNA5SP180,0.0
RNA5SP181,0.0
RNA5SP182,0.0
RNA5SP183,0.0
RNA5SP184,0.0
RNA5SP185,0.0
RNA5SP186,0.0
RNA5SP187,0.0
RNA5SP188,0.0
RNA5SP189,0.0
RNA5SP19,0.0
RNA5SP190,0.0
RNA5SP191,0.0
RNA5SP192,0.0
RNA5SP193,0.0
RNA5SP194,0.0
RNA5SP195,0.0
RNA5SP196,0.0
RNA5SP197,0.0
RNA5SP198,0.0
RNA5SP199,0.0
RNA5SP20,0.0
RNA5SP200,0.0
RNA5SP201,0.0
RNA5SP202,0.0
RNA5SP203,0.0
RNA5SP204,0.0
RNA5SP205,0.0
RNA5SP206,0.0
RNA5SP207,0.0
RNA5SP208,0.0
RNA5SP209,0.0
RNA5SP21,0.0
RNA5SP210,0.0
RNA5SP211,0.0
RNA5SP212,0.0
RNA5SP213,0.0
RNA5SP214,0.0
RNA5SP215,0.0
RNA5SP216,0.0
RNA5SP217,0.0
RNA5SP218,0.0
RNA5SP219,0.0
RNA5SP22,0.0
RNA5SP220,0.0
RNA5SP221,0.0
RNA5SP222,0.0
RNA5SP223,0.0
RNA5SP224,0.0
RNA5SP225,0.0
RNA5SP226,0.0
RNA5SP227,0.0
RNA5SP228,0.0
RNA5SP229,0.0
RNA5SP23,0.0
RNA5SP230,0.0
RNA5SP231,0.0
RNA5SP232,0.0
RNA5SP233,0.0
RNA5SP234,0.0
RNA5SP235,0.0
RNA5SP236,0.0
RNA5SP237,0.0
RNA5SP238,0.0
RNA5SP239,0.0
RNA5SP24,0.0
RNA5SP240,0.0
RNA5SP241,0.0
RNA5SP242,0.0
RNA5SP243,0.0
RNA5SP244,0.0
RNA5SP245,0.0
RNA5SP246,0.0
RNA5SP247,0.0
RNA5SP248,0.0
RNA5SP249,0.0
RNA5SP25,0.0
RNA5SP250,0.0
RNA5SP251,0.0
RNA5SP252,0.0
RNA5SP253,0.0
RNA5SP254,0.0
RNA5SP255,0.0
RNA5SP256,0.0
RNA5SP257,0.0
RNA5SP258,0.0
RNA5SP259,0.0
RNA5SP26,0.0
RNA5SP260,0.0
RNA5SP261,0.0
RNA5SP262,0.0
RNA5SP263,0.0
RNA5SP264,0.0
RNA5SP265,0.0
RNA5SP266,0.0
RNA5SP267,0.0
RNA5SP268,0.0
RNA5SP269,0.0
RNA5SP27,0.0
RNA5SP270,0.0
RNA5SP271,0.0
RNA5SP272,0.0
RNA5SP273,0.0
RNA5SP274,0.0
RNA5SP275,0.0
RNA5SP276,0.0
RNA5SP277,0.0
RNA5SP278,0.0
RNA5SP279,0.0
RNA5SP28,0.0
RNA5SP280,0.0
RNA5SP281,0.0
RNA5SP282,0.0
RNA5SP283,0.0
RNA5SP284,0.0
RNA5SP285,0.0
RNA5SP286,0.0
RNA5SP287,0.0
RNA5SP288,0.0
RNA5SP289,0.0
RNA5SP29,0.0
RNA5SP290,0.0
RNA5SP291,0.0
RNA5SP292,0.0
RNA5SP293,0.0
RNA5SP294,0.0
RNA5SP295,0.0
RNA5SP296,0.0
RNA5SP297,0.0
RNA5SP298,0.0
RNA5SP299,0.0
RNA5SP30,0.0
RNA5SP300,0.0
RNA5SP301,0.0
RNA5SP302,0.0
RNA5SP303,0.0
RNA5SP304,0.0
RNA5SP305,0.0
RNA5SP306,0.0
RNA5SP307,0.0
RNA5SP308,0.0
RNA5SP309,0.0
RNA5SP31,0.0
RNA5SP310,0.0
RNA5SP311,0.0
RNA5SP312,0.0
RNA5SP315,0.0
RNA5SP317,0.0
RNA5SP318,0.0
RNA5SP319,0.0
RNA5SP32,0.0
RNA5SP320,0.0
RNA5SP321,0.0
RNA5SP322,0.0
RNA5SP323,0.0
RNA5SP324,0.0
RNA5SP325,0.0
RNA5SP326,0.0
RNA5SP327,0.0
RNA5SP328,0.0
RNA5SP329,0.0
RNA5SP33,0.0
RNA5SP330,0.0
RNA5SP331,0.0
RNA5SP332,0.0
RNA5SP333,0.0
RNA5SP334,0.0
RNA5SP335,0.0
RNA5SP336,0.0
RNA5SP337,0.0
RNA5SP338,0.0
RNA5SP339,0.0
RNA5SP34,0.0
RNA5SP340,0.0
RNA5SP341,0.0
RNA5SP342,0.0
RNA5SP343,0.0
RNA5SP344,0.0
RNA5SP345,0.0
RNA5SP346,0.0
RNA5SP347,0.0
RNA5SP349,0.0
RNA5SP35,0.0
RNA5SP350,0.0
RNA5SP351,0.0
RNA5SP352,0.0
RNA5SP353,0.0
RNA5SP354,0.0
RNA5SP355,0.0
RNA5SP356,0.0
RNA5SP357,0.0
RNA5SP358,0.0
RNA5SP359,0.0
RNA5SP36,0.0
RNA5SP360,0.0
RNA5SP361,0.0
RNA5SP362,0.0
RNA5SP363,0.0
RNA5SP364,0.0
RNA5SP365,0.0
RNA5SP366,0.0
RNA5SP367,0.0
RNA5SP368,0.0
RNA5SP369,0.0
RNA5SP37,0.0
RNA5SP370,0.0
RNA5SP371,0.0
RNA5SP372,0.0
RNA5SP373,0.0
RNA5SP374,0.0
RNA5SP375,0.0
RNA5SP376,0.0
RNA5SP377,0.0
RNA5SP378,0.0
RNA5SP379,0.0
RNA5SP38,0.0
RNA5SP380,0.0
RNA5SP382,0.0
RNA5SP383,0.0
RNA5SP384,0.0
RNA5SP385,0.0
RNA5SP386,0.0
RNA5SP387,0.0
RNA5SP388,0.0
RNA5SP389,0.0
RNA5SP39,0.0
RNA5SP390,0.0
RNA5SP391,0.0
RNA5SP392,0.0
RNA5SP393,0.0
RNA5SP394,0.0
RNA5SP395,0.0
RNA5SP396,0.0
RNA5SP397,0.0
RNA5SP398,0.0
RNA5SP399,0.0
RNA5SP40,0.0
RNA5SP400,0.0
RNA5SP401,0.0
RNA5SP402,0.0
RNA5SP403,0.0
RNA5SP404,0.0
RNA5SP405,0.0
RNA5SP406,0.0
RNA5SP407,0.0
RNA5SP408,0.0
RNA5SP409,0.0
RNA5SP41,0.0
RNA5SP410,0.0
RNA5SP411,0.0
RNA5SP412,0.0
RNA5SP413,0.0
RNA5SP414,0.0
RNA5SP415,0.0
RNA5SP416,0.0
RNA5SP417,0.0
RNA5SP418,0.0
RNA5SP419,0.0
RNA5SP42,0.0
RNA5SP420,0.0
RNA5SP421,0.0
RNA5SP422,0.0
RNA5SP423,0.0
RNA5SP424,0.0
RNA5SP425,0.0
RNA5SP426,0.0
RNA5SP427,0.0
RNA5SP428,0.0
RNA5SP429,0.0
RNA5SP43,0.0
RNA5SP430,0.0
RNA5SP431,0.0
RNA5SP432,0.0
RNA5SP433,0.0
RNA5SP434,0.0
RNA5SP435,0.0
RNA5SP436,0.0
RNA5SP437,0.0
RNA5SP438,0.0
RNA5SP439,0.0
RNA5SP44,0.0
RNA5SP440,0.0
RNA5SP441,0.0
RNA5SP442,0.0
RNA5SP443,0.0
RNA5SP444,0.0
RNA5SP445,0.0
RNA5SP446,0.0
RNA5SP447,0.0
RNA5SP448,0.0
RNA5SP449,0.0
RNA5SP45,0.0
RNA5SP450,0.0
RNA5SP451,0.0
RNA5SP452,0.0
RNA5SP453,0.0
RNA5SP454,0.0
RNA5SP455,0.0
RNA5SP456,0.0
RNA5SP457,0.0
RNA5SP458,0.0
RNA5SP459,0.0
RNA5SP46,0.0
RNA5SP460,0.0
RNA5SP461,0.0
RNA5SP462,0.0
RNA5SP463,0.0
RNA5SP464,0.0
RNA5SP465,0.0
RNA5SP466,0.0
RNA5SP467,0.0
RNA5SP468,0.0
RNA5SP469,0.0
RNA5SP47,0.0
RNA5SP470,0.0
RNA5SP471,0.0
RNA5SP472,0.0
RNA5SP473,0.0
RNA5SP474,0.0
RNA5SP475,0.0
RNA5SP476,0.0
RNA5SP477,0.0
RNA5SP478,0.0
RNA5SP479,0.0
RNA5SP48,0.0
RNA5SP480,0.0
RNA5SP481,0.0
RNA5SP482,0.0
RNA5SP483,0.0
RNA5SP484,0.0
RNA5SP485,0.0
RNA5SP486,0.0
RNA5SP487,0.0
RNA5SP488,0.0
RNA5SP489,0.0
RNA5SP49,0.0
RNA5SP490,0.0
RNA5SP491,0.0
RNA5SP492,0.0
RNA5SP493,0.0
RNA5SP494,0.0
RNA5SP495,0.0
RNA5SP496,0.0
RNA5SP497,0.0
RNA5SP498,0.0
RNA5SP499,0.0
RNA5SP50,0.0
RNA5SP500,0.0
RNA5SP501,0.0
RNA5SP502,0.0
RNA5SP503,0.0
RNA5SP504,0.0
RNA5SP505,0.0
RNA5SP506,0.0
RNA5SP507,0.0
RNA5SP508,0.0
RNA5SP509,0.0
RNA5SP51,0.0
RNA5SP510,0.0
RNA5SP511,0.0
RNA5SP512,0.0
RNA5SP513,0.0
RNA5SP514,0.0
RNA5SP515,0.0
RNA5SP516,0.0
RNA5SP517,0.0
RNA5SP518,0.0
RNA5SP519,0.0
RNA5SP52,0.0
RNA5SP520,0.0
RNA5SP521,0.0
RNA5SP522,0.0
RNA5SP523,0.0
RNA5SP524,0.0
RNA5SP525,0.0
RNA5SP526,0.0
RNA5SP527,0.0
RNA5SP528,0.0
RNA5SP529,0.0
RNA5SP53,0.0
RNA5SP530,0.0
RNA5SP531,0.0
RNA5SP532,0.0
RNA5SP533,0.0
RNA5SP534,0.0
RNA5SP535,0.0
RNA5SP536,0.0
RNA5SP54,0.0
RNA5SP55,0.0
RNA5SP56,0.0
RNA5SP57,0.0
RNA5SP59,0.0
RNA5SP60,0.0
RNA5SP61,0.0
RNA5SP62,0.0
RNA5SP63,0.0
RNA5SP64,0.0
RNA5SP65,0.0
RNA5SP66,0.0
RNA5SP67,0.0
RNA5SP68,0.0
RNA5SP69,0.0
RNA5SP70,0.0
RNA5SP71,0.0
RNA5SP72,0.0
RNA5SP73,0.0
RNA5SP74,0.0
RNA5SP75,0.0
RNA5SP76,0.0
RNA5SP77,0.0
RNA5SP78,0.0
RNA5SP79,0.0
RNA5SP80,0.0
RNA5SP81,0.0
RNA5SP82,0.0
RNA5SP84,0.0
RNA5SP85,0.0
RNA5SP86,0.0
RNA5SP87,0.0
RNA5SP88,0.0
RNA5SP89,0.0
RNA5SP90,0.0
RNA5SP91,0.0
RNA5SP92,0.0
RNA5SP93,0.0
RNA5SP94,0.0
RNA5SP95,0.0
RNA5SP96,0.0
RNA5SP97,0.0
RNA5SP98,0.0
RNA5SP99,0.0
RNU1-1,11.659944
RNU1-100P,0.0
RNU1-101P,0.0
RNU1-103P,0.0
RNU1-104P,0.0
RNU1-105P,0.0
RNU1-107P,0.0
RNU1-108P,0.0
RNU1-109P,0.0
RNU1-112P,0.0
RNU1-114P,0.0
RNU1-115P,0.0
RNU1-117P,0.0
RNU1-119P,0.0
RNU1-11P,0.0
RNU1-123P,0.0
RNU1-124P,0.0
RNU1-125P,0.0
RNU1-128P,0.0
RNU1-129P,0.0
RNU1-130P,0.0
RNU1-131P,0.0
RNU1-132P,0.0
RNU1-133P,0.0
RNU1-134P,0.0
RNU1-136P,0.0
RNU1-138P,0.0
RNU1-139P,0.0
RNU1-140P,0.0
RNU1-141P,0.0
RNU1-142P,0.0
RNU1-143P,0.0
RNU1-146P,0.0
RNU1-148P,0.0
RNU1-149P,0.0
RNU1-14P,0.0
RNU1-150P,0.0
RNU1-151P,0.0
RNU1-153P,0.0
RNU1-154P,0.0
RNU1-155P,0.0
RNU1-15P,0.0
RNU1-16P,0.0
RNU1-17P,0.0
RNU1-18P,0.0
RNU1-19P,0.0
RNU1-2,12.770103
RNU1-20P,0.0
RNU1-21P,0.0
RNU1-22P,0.0
RNU1-23P,0.0
RNU1-24P,0.0
RNU1-27P,12.770103
RNU1-28P,11.659944
RNU1-29P,0.0
RNU1-3,11.659944
RNU1-30P,0.0
RNU1-31P,0.0
RNU1-32P,0.0
RNU1-33P,0.0
RNU1-34P,0.0
RNU1-35P,0.0
RNU1-36P,0.0
RNU1-38P,0.0
RNU1-39P,0.0
RNU1-4,12.770103
RNU1-40P,0.0
RNU1-41P,0.0
RNU1-42P,0.0
RNU1-43P,0.0
RNU1-44P,0.0
RNU1-45P,0.0
RNU1-46P,0.0
RNU1-47P,0.0
RNU1-48P,0.0
RNU1-49P,0.0
RNU1-51P,0.0
RNU1-52P,0.0
RNU1-54P,0.0
RNU1-55P,0.0
RNU1-56P,0.0
RNU1-57P,0.0
RNU1-58P,0.0
RNU1-5P,0.0
RNU1-61P,0.0
RNU1-62P,0.0
RNU1-63P,0.0
RNU1-64P,0.0
RNU1-65P,0.0
RNU1-67P,0.0
RNU1-68P,0.0
RNU1-6P,0.0
RNU1-70P,0.0
RNU1-72P,0.0
RNU1-73P,0.0
RNU1-74P,0.0
RNU1-75P,0.0
RNU1-76P,0.0
RNU1-77P,0.0
RNU1-78P,0.0
RNU1-7P,0.0
RNU1-80P,0.0
RNU1-82P,0.0
RNU1-83P,0.0
RNU1-84P,0.0
RNU1-86P,0.0
RNU1-88P,0.0
RNU1-89P,0.0
RNU1-8P,0.0
RNU1-91P,0.0
RNU1-93P,0.0
RNU1-94P,0.0
RNU1-95P,0.0
RNU1-96P,0.0
RNU1-97P,0.0
RNU1-98P,0.0
RNU105B,0.0
RNU105C,0.0
RNU11,0.0
RNU11-2P,0.0
RNU11-3P,0.0
RNU11-4P,0.0
RNU11-5P,0.0
RNU11-6P,0.0
RNU12,0.090099
RNU12-2P,0.0
RNU2-1,0.0
RNU2-10P,0.0
RNU2-11P,0.0
RNU2-12P,0.0
RNU2-13P,0.0
RNU2-14P,0.0
RNU2-15P,0.0
RNU2-16P,0.0
RNU2-17P,0.0
RNU2-18P,0.0
RNU2-19P,0.0
RNU2-2,0.0
RNU2-20P,0.0
RNU2-21P,0.0
RNU2-22P,0.0
RNU2-23P,0.0
RNU2-24P,0.0
RNU2-25P,0.0
RNU2-26P,0.0
RNU2-27P,0.0
RNU2-28P,0.0
RNU2-29P,0.0
RNU2-30P,0.0
RNU2-31P,0.0
RNU2-32P,0.0
RNU2-33P,0.0
RNU2-34P,0.0
RNU2-35P,0.0
RNU2-36P,0.0
RNU2-37P,0.0
RNU2-38P,0.0
RNU2-39P,0.0
RNU2-3P,0.0
RNU2-40P,0.0
RNU2-41P,0.0
RNU2-42P,0.0
RNU2-43P,0.0
RNU2-44P,0.0
RNU2-45P,0.0
RNU2-46P,0.0
RNU2-47P,0.0
RNU2-48P,0.0
RNU2-49P,0.0
RNU2-4P,0.0
RNU2-50P,0.0
RNU2-51P,0.0
RNU2-52P,0.0
RNU2-53P,0.0
RNU2-54P,0.0
RNU2-55P,0.0
RNU2-56P,0.0
RNU2-57P,0.0
RNU2-58P,0.0
RNU2-59P,0.0
RNU2-5P,0.0
RNU2-60P,0.0
RNU2-61P,0.0
RNU2-62P,0.0
RNU2-63P,0.0
RNU2-64P,0.0
RNU2-65P,0.0
RNU2-66P,0.0
RNU2-68P,0.0
RNU2-69P,0.0
RNU2-6P,0.0
RNU2-70P,0.0
RNU2-71P,0.0
RNU2-72P,0.0
RNU2-7P,0.0
RNU2-8P,0.0
RNU2-9P,0.0
RNU4-1,5.760023
RNU4-10P,0.0
RNU4-11P,0.0
RNU4-12P,0.0
RNU4-13P,0.0
RNU4-14P,0.0
RNU4-15P,0.0
RNU4-16P,0.0
RNU4-17P,0.0
RNU4-18P,0.0
RNU4-2,25.560593
RNU4-20P,0.0
RNU4-21P,0.0
RNU4-22P,0.0
RNU4-23P,0.0
RNU4-24P,0.0
RNU4-25P,0.0
RNU4-26P,0.0
RNU4-27P,0.0
RNU4-28P,0.0
RNU4-29P,0.0
RNU4-30P,0.0
RNU4-31P,0.0
RNU4-32P,0.0
RNU4-33P,0.0
RNU4-34P,0.0
RNU4-35P,0.0
RNU4-36P,0.0
RNU4-37P,0.0
RNU4-38P,0.0
RNU4-39P,0.0
RNU4-40P,0.0
RNU4-41P,0.0
RNU4-42P,0.0
RNU4-43P,0.0
RNU4-44P,0.0
RNU4-45P,0.0
RNU4-46P,0.0
RNU4-47P,0.0
RNU4-48P,0.0
RNU4-49P,0.0
RNU4-4P,0.0
RNU4-50P,0.0
RNU4-51P,0.0
RNU4-52P,0.0
RNU4-53P,0.0
RNU4-54P,0.0
RNU4-55P,0.0
RNU4-56P,0.0
RNU4-57P,0.0
RNU4-58P,0.0
RNU4-59P,0.0
RNU4-5P,0.0
RNU4-60P,0.0
RNU4-61P,0.0
RNU4-62P,0.0
RNU4-63P,0.0
RNU4-64P,0.0
RNU4-65P,0.0
RNU4-66P,0.0
RNU4-67P,0.0
RNU4-68P,0.0
RNU4-69P,0.0
RNU4-6P,0.0
RNU4-70P,0.0
RNU4-71P,0.0
RNU4-72P,0.0
RNU4-73P,0.0
RNU4-74P,0.0
RNU4-75P,0.0
RNU4-76P,0.0
RNU4-77P,0.0
RNU4-78P,0.0
RNU4-79P,0.0
RNU4-7P,0.0
RNU4-80P,0.0
RNU4-81P,0.0
RNU4-82P,0.0
RNU4-83P,0.0
RNU4-84P,0.0
RNU4-85P,0.0
RNU4-86P,0.0
RNU4-87P,0.0
RNU4-88P,0.0
RNU4-89P,0.0
RNU4-8P,0.0
RNU4-90P,0.0
RNU4-91P,0.0
RNU4-92P,0.0
RNU4-9P,0.0
RNU4ATAC,0.0
RNU4ATAC10P,0.0
RNU4ATAC11P,0.0
RNU4ATAC12P,0.0
RNU4ATAC13P,0.0
RNU4ATAC14P,0.0
RNU4ATAC15P,0.0
RNU4ATAC16P,0.0
RNU4ATAC17P,0.0
RNU4ATAC18P,0.0
RNU4ATAC2P,0.0
RNU4ATAC3P,0.0
RNU4ATAC4P,0.0
RNU4ATAC5P,0.0
RNU4ATAC6P,0.0
RNU4ATAC7P,0.0
RNU4ATAC8P,0.0
RNU4ATAC9P,0.0
RNU5A-1,0.0
RNU5A-2P,0.0
RNU5A-3P,0.0
RNU5A-4P,0.0
RNU5A-5P,0.0
RNU5A-6P,0.0
RNU5A-7P,0.0
RNU5A-8P,0.0
RNU5B-1,0.0
RNU5B-2P,0.0
RNU5B-3P,0.0
RNU5B-4P,0.0
RNU5B-6P,0.0
RNU5D-1,0.0
RNU5D-2P,0.0
RNU5E-1,0.0
RNU5E-10P,0.0
RNU5E-3P,0.0
RNU5E-4P,0.0
RNU5E-5P,0.0
RNU5E-6P,0.0
RNU5E-7P,0.0
RNU5E-8P,0.0
RNU5E-9P,0.0
RNU5F-1,0.0
RNU5F-2P,0.0
RNU5F-3P,0.0
RNU5F-4P,0.0
RNU5F-6P,0.0
RNU5F-7P,0.0
RNU5F-8P,0.0
RNU6-1,0.0
RNU6-1000P,0.0
RNU6-1001P,0.0
RNU6-1003P,0.0
RNU6-1004P,0.0
RNU6-1005P,0.0
RNU6-1006P,0.0
RNU6-1007P,0.0
RNU6-1008P,0.0
RNU6-1009P,0.0
RNU6-100P,0.0
RNU6-1010P,0.0
RNU6-1011P,0.0
RNU6-1012P,0.0
RNU6-1013P,0.0
RNU6-1014P,0.0
RNU6-1015P,0.0
RNU6-1016P,0.0
RNU6-1017P,0.0
RNU6-1018P,0.0
RNU6-1019P,0.0
RNU6-101P,0.0
RNU6-1020P,0.0
RNU6-1021P,0.0
RNU6-1022P,0.0
RNU6-1023P,0.0
RNU6-1024P,0.0
RNU6-1025P,0.0
RNU6-1026P,0.0
RNU6-1027P,0.0
RNU6-1028P,0.0
RNU6-1029P,0.0
RNU6-102P,0.0
RNU6-1031P,0.0
RNU6-1032P,0.0
RNU6-1034P,0.0
RNU6-1035P,0.0
RNU6-1036P,0.0
RNU6-1037P,0.0
RNU6-1038P,0.0
RNU6-1039P,0.0
RNU6-103P,0.0
RNU6-1040P,0.0
RNU6-1041P,0.0
RNU6-1042P,0.0
RNU6-1043P,0.0
RNU6-1044P,0.0
RNU6-1045P,0.0
RNU6-1046P,0.0
RNU6-1047P,0.0
RNU6-1048P,0.0
RNU6-1049P,0.0
RNU6-104P,0.0
RNU6-1050P,0.0
RNU6-1051P,0.0
RNU6-1052P,0.0
RNU6-1053P,0.0
RNU6-1054P,0.0
RNU6-1055P,0.0
RNU6-1056P,0.0
RNU6-1057P,0.0
RNU6-1059P,0.0
RNU6-105P,0.0
RNU6-1060P,0.0
RNU6-1061P,0.0
RNU6-1062P,0.0
RNU6-1064P,0.0
RNU6-1065P,0.0
RNU6-1066P,0.0
RNU6-1067P,0.0
RNU6-1068P,0.0
RNU6-1069P,0.0
RNU6-106P,0.0
RNU6-1071P,0.0
RNU6-1072P,0.0
RNU6-1073P,0.0
RNU6-1074P,0.0
RNU6-1075P,0.0
RNU6-1076P,0.0
RNU6-1077P,0.0
RNU6-1078P,0.0
RNU6-1079P,0.0
RNU6-107P,0.0
RNU6-1080P,0.0
RNU6-1081P,0.0
RNU6-1082P,0.0
RNU6-1083P,0.0
RNU6-1084P,0.0
RNU6-1085P,0.0
RNU6-1086P,0.0
RNU6-1087P,0.0
RNU6-1088P,0.0
RNU6-1089P,0.0
RNU6-108P,0.0
RNU6-1090P,0.0
RNU6-1091P,0.0
RNU6-1092P,0.0
RNU6-1093P,0.0
RNU6-1094P,0.0
RNU6-1095P,0.0
RNU6-1096P,0.0
RNU6-1097P,0.0
RNU6-1098P,0.0
RNU6-1099P,0.0
RNU6-109P,0.0
RNU6-10P,0.0
RNU6-1100P,0.0
RNU6-1101P,0.0
RNU6-1102P,0.0
RNU6-1103P,0.0
RNU6-1104P,0.0
RNU6-1105P,0.0
RNU6-1106P,0.0
RNU6-1107P,0.0
RNU6-1108P,0.0
RNU6-1109P,0.0
RNU6-110P,0.0
RNU6-1110P,0.0
RNU6-1111P,0.0
RNU6-1112P,0.0
RNU6-1113P,0.0
RNU6-1114P,0.0
RNU6-1115P,0.0
RNU6-1116P,0.0
RNU6-1117P,0.0
RNU6-1118P,0.0
RNU6-1119P,0.0
RNU6-111P,0.0
RNU6-1120P,0.0
RNU6-1121P,0.0
RNU6-1122P,0.0
RNU6-1123P,0.0
RNU6-1124P,0.0
RNU6-1125P,0.0
RNU6-1126P,0.0
RNU6-1127P,0.0
RNU6-1128P,0.0
RNU6-1129P,0.0
RNU6-112P,0.0
RNU6-1130P,0.0
RNU6-1131P,0.0
RNU6-1132P,0.0
RNU6-1133P,0.0
RNU6-1134P,0.0
RNU6-1135P,0.0
RNU6-1136P,0.0
RNU6-1137P,0.0
RNU6-1138P,0.0
RNU6-113P,0.0
RNU6-1140P,0.0
RNU6-1141P,0.0
RNU6-1143P,0.0
RNU6-1144P,0.0
RNU6-1145P,0.0
RNU6-1146P,0.0
RNU6-1147P,0.0
RNU6-1148P,0.0
RNU6-1149P,0.0
RNU6-114P,0.0
RNU6-1150P,0.0
RNU6-1151P,0.0
RNU6-1152P,0.0
RNU6-1153P,0.0
RNU6-1154P,0.0
RNU6-1155P,0.0
RNU6-1156P,0.0
RNU6-1157P,0.0
RNU6-1158P,0.0
RNU6-1159P,0.0
RNU6-115P,0.0
RNU6-1160P,0.0
RNU6-1161P,0.0
RNU6-1162P,0.0
RNU6-1163P,0.0
RNU6-1164P,0.0
RNU6-1165P,0.0
RNU6-1167P,0.0
RNU6-1168P,0.0
RNU6-1169P,0.0
RNU6-116P,0.0
RNU6-1170P,0.0
RNU6-1171P,0.0
RNU6-1172P,0.0
RNU6-1174P,0.0
RNU6-1175P,0.0
RNU6-1176P,0.0
RNU6-1177P,0.0
RNU6-1178P,0.0
RNU6-1179P,0.0
RNU6-117P,0.0
RNU6-1180P,0.0
RNU6-1181P,0.0
RNU6-1183P,0.0
RNU6-1184P,0.0
RNU6-1186P,0.0
RNU6-1187P,0.0
RNU6-1188P,0.0
RNU6-1189P,0.0
RNU6-118P,0.0
RNU6-1190P,0.0
RNU6-1191P,0.0
RNU6-1192P,0.0
RNU6-1193P,0.0
RNU6-1194P,0.0
RNU6-1195P,0.0
RNU6-1196P,0.0
RNU6-1197P,0.0
RNU6-1198P,0.0
RNU6-1199P,0.0
RNU6-119P,0.0
RNU6-11P,0.0
RNU6-1200P,0.0
RNU6-1201P,0.0
RNU6-1203P,0.0
RNU6-1204P,0.0
RNU6-1205P,0.0
RNU6-1206P,0.0
RNU6-1207P,0.0
RNU6-1208P,0.0
RNU6-1209P,0.0
RNU6-120P,0.0
RNU6-1210P,0.0
RNU6-1211P,0.0
RNU6-1212P,0.0
RNU6-1213P,0.0
RNU6-1214P,0.0
RNU6-1215P,0.0
RNU6-1216P,0.0
RNU6-1217P,0.0
RNU6-1218P,0.0
RNU6-1219P,0.0
RNU6-121P,0.0
RNU6-1220P,0.0
RNU6-1222P,0.0
RNU6-1223P,0.0
RNU6-1224P,0.0
RNU6-1225P,0.0
RNU6-1226P,0.0
RNU6-1227P,0.0
RNU6-1228P,0.0
RNU6-1229P,0.0
RNU6-122P,0.0
RNU6-1230P,0.0
RNU6-1231P,0.0
RNU6-1232P,0.0
RNU6-1233P,0.0
RNU6-1234P,0.0
RNU6-1235P,0.0
RNU6-1236P,0.0
RNU6-1237P,0.0
RNU6-1238P,0.0
RNU6-1239P,0.0
RNU6-123P,0.0
RNU6-1240P,0.0
RNU6-1241P,0.0
RNU6-1242P,0.0
RNU6-1243P,0.0
RNU6-1244P,0.0
RNU6-1245P,0.0
RNU6-1246P,0.0
RNU6-1247P,0.0
RNU6-1248P,0.0
RNU6-1249P,0.0
RNU6-1250P,0.0
RNU6-1251P,0.0
RNU6-1252P,0.0
RNU6-1254P,0.0
RNU6-1255P,0.0
RNU6-1256P,0.0
RNU6-1257P,0.0
RNU6-1258P,0.0
RNU6-125P,0.0
RNU6-1260P,0.0
RNU6-1261P,0.0
RNU6-1262P,0.0
RNU6-1263P,0.0
RNU6-1264P,0.0
RNU6-1265P,0.0
RNU6-1266P,0.0
RNU6-1267P,0.0
RNU6-1268P,0.0
RNU6-1269P,0.0
RNU6-126P,0.0
RNU6-1270P,0.0
RNU6-1271P,0.0
RNU6-1272P,0.0
RNU6-1273P,0.0
RNU6-1274P,0.0
RNU6-1275P,0.0
RNU6-1276P,0.0
RNU6-1277P,0.0
RNU6-1278P,0.0
RNU6-1279P,0.0
RNU6-127P,0.0
RNU6-1280P,0.0
RNU6-1281P,0.0
RNU6-1282P,0.0
RNU6-1283P,0.0
RNU6-1284P,0.0
RNU6-1285P,0.0
RNU6-1286P,0.0
RNU6-1287P,0.0
RNU6-1288P,0.0
RNU6-1289P,0.0
RNU6-128P,0.0
RNU6-1290P,0.0
RNU6-1291P,0.0
RNU6-1292P,0.0
RNU6-1293P,0.0
RNU6-1294P,0.0
RNU6-1296P,0.0
RNU6-1297P,0.0
RNU6-1298P,0.0
RNU6-1299P,0.0
RNU6-129P,0.0
RNU6-12P,0.0
RNU6-1300P,0.0
RNU6-1301P,0.0
RNU6-1303P,0.0
RNU6-1304P,0.0
RNU6-1305P,0.0
RNU6-1306P,0.0
RNU6-1307P,0.0
RNU6-1308P,0.0
RNU6-1309P,0.0
RNU6-130P,0.0
RNU6-1310P,0.0
RNU6-1311P,0.0
RNU6-1312P,0.0
RNU6-1313P,0.0
RNU6-1314P,0.0
RNU6-1315P,0.0
RNU6-1316P,0.0
RNU6-1317P,0.0
RNU6-1318P,0.0
RNU6-1319P,0.0
RNU6-131P,0.0
RNU6-1320P,0.0
RNU6-1321P,0.0
RNU6-1322P,0.0
RNU6-1323P,0.0
RNU6-1324P,0.0
RNU6-1325P,0.0
RNU6-1326P,0.0
RNU6-1327P,0.0
RNU6-1328P,0.0
RNU6-1329P,0.0
RNU6-132P,0.0
RNU6-1330P,0.0
RNU6-1331P,0.0
RNU6-1332P,0.0
RNU6-1333P,0.0
RNU6-1334P,0.0
RNU6-1335P,0.0
RNU6-1336P,0.0
RNU6-1337P,0.0
RNU6-1338P,0.0
RNU6-1339P,0.0
RNU6-133P,0.0
RNU6-1340P,0.0
RNU6-135P,0.0
RNU6-136P,0.0
RNU6-137P,0.0
RNU6-138P,0.0
RNU6-139P,0.0
RNU6-13P,0.0
RNU6-140P,0.0
RNU6-141P,0.0
RNU6-142P,0.0
RNU6-143P,0.0
RNU6-144P,0.0
RNU6-145P,0.0
RNU6-146P,0.0
RNU6-147P,0.0
RNU6-148P,0.0
RNU6-14P,0.0
RNU6-150P,0.0
RNU6-151P,0.0
RNU6-152P,0.0
RNU6-153P,0.0
RNU6-154P,0.0
RNU6-155P,0.0
RNU6-156P,0.0
RNU6-157P,0.0
RNU6-158P,0.0
RNU6-159P,0.0
RNU6-15P,0.0
RNU6-160P,0.0
RNU6-161P,0.0
RNU6-162P,0.0
RNU6-163P,0.0
RNU6-164P,0.0
RNU6-165P,0.0
RNU6-166P,0.0
RNU6-167P,0.0
RNU6-168P,0.0
RNU6-169P,0.0
RNU6-16P,0.0
RNU6-170P,0.0
RNU6-171P,0.0
RNU6-172P,0.0
RNU6-173P,0.0
RNU6-174P,0.0
RNU6-175P,0.0
RNU6-176P,0.0
RNU6-177P,0.0
RNU6-178P,0.0
RNU6-179P,0.0
RNU6-17P,0.0
RNU6-180P,0.0
RNU6-181P,0.0
RNU6-182P,0.0
RNU6-183P,0.0
RNU6-184P,0.0
RNU6-185P,0.0
RNU6-187P,0.0
RNU6-188P,0.0
RNU6-189P,0.0
RNU6-18P,0.0
RNU6-190P,0.0
RNU6-191P,0.0
RNU6-192P,0.0
RNU6-193P,0.0
RNU6-194P,0.0
RNU6-195P,0.0
RNU6-196P,0.0
RNU6-197P,0.0
RNU6-198P,0.0
RNU6-199P,0.0
RNU6-19P,0.0
RNU6-2,0.0
RNU6-200P,0.0
RNU6-201P,0.0
RNU6-202P,0.0
RNU6-203P,0.0
RNU6-204P,0.0
RNU6-205P,0.0
RNU6-206P,0.0
RNU6-207P,0.0
RNU6-208P,0.0
RNU6-209P,0.0
RNU6-20P,0.0
RNU6-210P,0.0
RNU6-211P,0.0
RNU6-212P,0.0
RNU6-213P,0.0
RNU6-214P,0.0
RNU6-215P,0.0
RNU6-216P,0.0
RNU6-217P,0.0
RNU6-218P,0.0
RNU6-219P,0.0
RNU6-21P,0.0
RNU6-220P,0.0
RNU6-221P,0.0
RNU6-222P,0.0
RNU6-223P,0.0
RNU6-224P,0.0
RNU6-225P,0.0
RNU6-226P,0.0
RNU6-227P,0.0
RNU6-228P,0.0
RNU6-229P,0.0
RNU6-22P,0.0
RNU6-230P,0.0
RNU6-231P,0.0
RNU6-232P,0.0
RNU6-233P,0.0
RNU6-234P,0.0
RNU6-235P,0.0
RNU6-236P,0.0
RNU6-237P,0.0
RNU6-238P,0.0
RNU6-239P,0.0
RNU6-23P,0.0
RNU6-240P,0.0
RNU6-241P,0.0
RNU6-242P,0.0
RNU6-243P,0.0
RNU6-244P,0.0
RNU6-245P,0.0
RNU6-246P,0.0
RNU6-247P,0.0
RNU6-248P,0.0
RNU6-249P,0.0
RNU6-24P,0.0
RNU6-250P,0.0
RNU6-251P,0.0
RNU6-252P,0.0
RNU6-253P,0.0
RNU6-254P,0.0
RNU6-255P,0.0
RNU6-256P,0.0
RNU6-257P,0.0
RNU6-258P,0.0
RNU6-259P,0.0
RNU6-25P,0.0
RNU6-260P,0.0
RNU6-261P,0.0
RNU6-262P,0.0
RNU6-263P,0.0
RNU6-264P,0.0
RNU6-266P,0.0
RNU6-267P,0.0
RNU6-268P,0.0
RNU6-269P,0.0
RNU6-26P,0.0
RNU6-270P,0.0
RNU6-271P,0.0
RNU6-272P,0.0
RNU6-273P,0.0
RNU6-274P,0.0
RNU6-275P,0.0
RNU6-276P,0.0
RNU6-277P,0.0
RNU6-278P,0.0
RNU6-279P,0.0
RNU6-27P,0.0
RNU6-280P,0.0
RNU6-281P,0.0
RNU6-282P,0.0
RNU6-283P,0.0
RNU6-284P,0.0
RNU6-285P,0.0
RNU6-286P,0.0
RNU6-287P,0.0
RNU6-288P,0.0
RNU6-289P,0.0
RNU6-28P,0.0
RNU6-290P,0.0
RNU6-291P,0.0
RNU6-293P,0.0
RNU6-294P,0.0
RNU6-295P,0.0
RNU6-296P,0.0
RNU6-297P,0.0
RNU6-298P,0.0
RNU6-299P,0.0
RNU6-29P,0.0
RNU6-300P,0.0
RNU6-301P,0.0
RNU6-302P,0.0
RNU6-303P,0.0
RNU6-304P,0.0
RNU6-306P,0.0
RNU6-307P,0.0
RNU6-308P,0.0
RNU6-309P,0.0
RNU6-30P,0.0
RNU6-310P,0.0
RNU6-311P,0.0
RNU6-312P,0.0
RNU6-313P,0.0
RNU6-314P,0.0
RNU6-315P,0.0
RNU6-316P,0.0
RNU6-317P,0.0
RNU6-318P,0.0
RNU6-319P,0.0
RNU6-31P,0.0
RNU6-320P,0.0
RNU6-321P,0.0
RNU6-322P,0.0
RNU6-323P,0.0
RNU6-324P,0.0
RNU6-325P,0.0
RNU6-326P,0.0
RNU6-327P,0.0
RNU6-328P,0.0
RNU6-329P,0.0
RNU6-32P,0.0
RNU6-330P,0.0
RNU6-331P,0.0
RNU6-332P,0.0
RNU6-333P,0.0
RNU6-334P,0.0
RNU6-335P,0.0
RNU6-336P,0.0
RNU6-337P,0.0
RNU6-338P,0.0
RNU6-339P,0.0
RNU6-33P,0.0
RNU6-340P,0.0
RNU6-341P,0.0
RNU6-342P,0.0
RNU6-343P,0.0
RNU6-344P,0.0
RNU6-345P,0.0
RNU6-346P,0.0
RNU6-347P,0.0
RNU6-348P,0.0
RNU6-349P,0.0
RNU6-34P,0.0
RNU6-351P,0.0
RNU6-352P,0.0
RNU6-353P,0.0
RNU6-354P,0.0
RNU6-355P,0.0
RNU6-356P,0.0
RNU6-358P,0.0
RNU6-359P,0.0
RNU6-35P,0.0
RNU6-360P,0.0
RNU6-361P,0.0
RNU6-362P,0.0
RNU6-363P,0.0
RNU6-364P,0.0
RNU6-365P,0.0
RNU6-366P,0.0
RNU6-367P,0.0
RNU6-368P,0.0
RNU6-369P,0.0
RNU6-36P,0.0
RNU6-370P,0.0
RNU6-371P,0.0
RNU6-373P,0.0
RNU6-374P,0.0
RNU6-375P,0.0
RNU6-376P,0.0
RNU6-377P,0.0
RNU6-378P,0.0
RNU6-379P,0.0
RNU6-37P,0.0
RNU6-380P,0.0
RNU6-381P,0.0
RNU6-382P,0.0
RNU6-383P,0.0
RNU6-384P,0.0
RNU6-386P,0.0
RNU6-387P,0.0
RNU6-388P,0.0
RNU6-389P,0.0
RNU6-38P,0.0
RNU6-390P,0.0
RNU6-391P,0.0
RNU6-392P,0.0
RNU6-393P,0.0
RNU6-394P,0.0
RNU6-395P,0.0
RNU6-396P,0.0
RNU6-397P,0.0
RNU6-398P,0.0
RNU6-399P,0.0
RNU6-39P,0.0
RNU6-3P,0.0
RNU6-400P,0.0
RNU6-401P,0.0
RNU6-402P,0.0
RNU6-403P,0.0
RNU6-405P,0.0
RNU6-406P,0.0
RNU6-407P,0.0
RNU6-408P,0.0
RNU6-409P,0.0
RNU6-40P,0.0
RNU6-410P,0.0
RNU6-411P,0.0
RNU6-412P,0.0
RNU6-413P,0.0
RNU6-414P,0.0
RNU6-415P,0.0
RNU6-416P,0.0
RNU6-417P,0.0
RNU6-418P,0.0
RNU6-419P,0.0
RNU6-41P,0.0
RNU6-420P,0.0
RNU6-421P,0.0
RNU6-422P,0.0
RNU6-424P,0.0
RNU6-425P,0.0
RNU6-426P,0.0
RNU6-428P,0.0
RNU6-429P,0.0
RNU6-42P,0.0
RNU6-430P,0.0
RNU6-431P,0.0
RNU6-432P,0.0
RNU6-433P,0.0
RNU6-434P,0.0
RNU6-435P,0.0
RNU6-436P,0.0
RNU6-437P,0.0
RNU6-438P,0.0
RNU6-439P,0.0
RNU6-43P,0.0
RNU6-440P,0.0
RNU6-441P,0.0
RNU6-442P,0.0
RNU6-444P,0.0
RNU6-445P,0.0
RNU6-446P,0.0
RNU6-447P,0.0
RNU6-448P,0.0
RNU6-449P,0.0
RNU6-44P,0.0
RNU6-450P,0.0
RNU6-451P,0.0
RNU6-452P,0.0
RNU6-453P,0.0
RNU6-454P,0.0
RNU6-455P,0.0
RNU6-456P,0.0
RNU6-457P,0.0
RNU6-458P,0.0
RNU6-45P,0.0
RNU6-460P,0.0
RNU6-461P,0.0
RNU6-462P,0.0
RNU6-463P,0.0
RNU6-464P,0.0
RNU6-465P,0.0
RNU6-466P,0.0
RNU6-467P,0.0
RNU6-468P,0.0
RNU6-469P,0.0
RNU6-46P,0.0
RNU6-470P,0.0
RNU6-471P,0.0
RNU6-472P,0.0
RNU6-473P,0.0
RNU6-474P,0.0
RNU6-475P,0.0
RNU6-476P,0.0
RNU6-477P,0.0
RNU6-478P,0.0
RNU6-479P,0.0
RNU6-47P,0.0
RNU6-480P,0.0
RNU6-481P,0.0
RNU6-482P,0.0
RNU6-483P,0.0
RNU6-484P,0.0
RNU6-485P,0.0
RNU6-486P,0.0
RNU6-487P,0.0
RNU6-488P,0.0
RNU6-489P,0.0
RNU6-48P,0.0
RNU6-490P,0.0
RNU6-491P,0.0
RNU6-492P,0.0
RNU6-493P,0.0
RNU6-494P,0.0
RNU6-495P,0.0
RNU6-496P,0.0
RNU6-497P,0.0
RNU6-498P,0.0
RNU6-499P,0.0
RNU6-49P,0.0
RNU6-4P,0.0
RNU6-500P,0.0
RNU6-501P,0.0
RNU6-502P,0.0
RNU6-503P,0.0
RNU6-504P,0.0
RNU6-505P,0.0
RNU6-506P,0.0
RNU6-507P,0.0
RNU6-508P,0.0
RNU6-509P,0.0
RNU6-50P,0.0
RNU6-510P,0.0
RNU6-511P,0.0
RNU6-512P,0.0
RNU6-513P,0.0
RNU6-514P,0.0
RNU6-516P,0.0
RNU6-517P,0.0
RNU6-518P,0.0
RNU6-519P,0.0
RNU6-520P,0.0
RNU6-521P,0.0
RNU6-522P,0.0
RNU6-523P,0.0
RNU6-524P,0.0
RNU6-525P,0.0
RNU6-526P,0.0
RNU6-527P,0.0
RNU6-528P,0.0
RNU6-529P,0.0
RNU6-530P,0.0
RNU6-531P,0.0
RNU6-532P,0.0
RNU6-533P,0.0
RNU6-534P,0.0
RNU6-535P,0.0
RNU6-536P,0.0
RNU6-537P,0.0
RNU6-538P,0.0
RNU6-539P,0.0
RNU6-53P,0.0
RNU6-540P,0.0
RNU6-541P,0.0
RNU6-542P,0.0
RNU6-543P,0.0
RNU6-544P,0.0
RNU6-545P,0.0
RNU6-546P,0.0
RNU6-547P,0.0
RNU6-548P,0.0
RNU6-549P,0.0
RNU6-54P,0.0
RNU6-550P,0.0
RNU6-551P,0.0
RNU6-552P,0.0
RNU6-553P,0.0
RNU6-554P,0.0
RNU6-555P,0.0
RNU6-556P,0.0
RNU6-557P,0.0
RNU6-558P,0.0
RNU6-559P,0.0
RNU6-55P,0.0
RNU6-560P,0.0
RNU6-561P,0.0
RNU6-562P,0.0
RNU6-563P,0.0
RNU6-564P,0.0
RNU6-565P,0.0
RNU6-566P,0.0
RNU6-567P,0.0
RNU6-56P,0.0
RNU6-570P,0.0
RNU6-571P,0.0
RNU6-572P,0.0
RNU6-573P,0.0
RNU6-574P,0.0
RNU6-575P,0.0
RNU6-576P,0.0
RNU6-577P,0.0
RNU6-578P,0.0
RNU6-579P,0.0
RNU6-57P,0.0
RNU6-580P,0.0
RNU6-581P,0.0
RNU6-582P,0.0
RNU6-583P,0.0
RNU6-584P,0.0
RNU6-586P,0.0
RNU6-587P,0.0
RNU6-588P,0.0
RNU6-589P,0.0
RNU6-58P,0.0
RNU6-590P,0.0
RNU6-591P,0.0
RNU6-592P,0.0
RNU6-593P,0.0
RNU6-595P,0.0
RNU6-596P,0.0
RNU6-597P,0.0
RNU6-598P,0.0
RNU6-599P,0.0
RNU6-59P,0.0
RNU6-5P,0.0
RNU6-600P,0.0
RNU6-601P,0.0
RNU6-602P,0.0
RNU6-603P,0.0
RNU6-604P,0.0
RNU6-605P,0.0
RNU6-606P,0.0
RNU6-607P,0.0
RNU6-608P,0.0
RNU6-609P,0.0
RNU6-60P,0.0
RNU6-610P,0.0
RNU6-611P,0.0
RNU6-612P,0.0
RNU6-613P,0.0
RNU6-614P,0.0
RNU6-615P,0.0
RNU6-616P,0.0
RNU6-617P,0.0
RNU6-618P,0.0
RNU6-619P,0.0
RNU6-61P,0.0
RNU6-620P,0.0
RNU6-621P,0.0
RNU6-622P,0.0
RNU6-623P,0.0
RNU6-624P,0.0
RNU6-625P,0.0
RNU6-626P,0.0
RNU6-627P,0.0
RNU6-628P,0.0
RNU6-629P,0.0
RNU6-62P,0.0
RNU6-630P,0.0
RNU6-631P,0.0
RNU6-632P,0.0
RNU6-633P,0.0
RNU6-634P,0.0
RNU6-635P,0.0
RNU6-636P,0.0
RNU6-637P,0.0
RNU6-638P,0.0
RNU6-639P,0.0
RNU6-63P,0.0
RNU6-640P,0.0
RNU6-641P,0.0
RNU6-642P,0.0
RNU6-643P,0.0
RNU6-644P,0.0
RNU6-645P,0.0
RNU6-646P,0.0
RNU6-647P,0.0
RNU6-648P,0.0
RNU6-649P,0.0
RNU6-64P,0.0
RNU6-650P,0.0
RNU6-651P,0.0
RNU6-652P,0.0
RNU6-653P,0.0
RNU6-654P,0.0
RNU6-655P,0.0
RNU6-656P,0.0
RNU6-657P,0.0
RNU6-658P,0.0
RNU6-659P,0.0
RNU6-65P,0.0
RNU6-660P,0.0
RNU6-661P,0.0
RNU6-662P,0.0
RNU6-663P,0.0
RNU6-664P,0.0
RNU6-665P,0.0
RNU6-666P,0.0
RNU6-667P,0.0
RNU6-668P,0.0
RNU6-669P,0.0
RNU6-66P,0.0
RNU6-670P,0.0
RNU6-672P,0.0
RNU6-673P,0.0
RNU6-674P,0.0
RNU6-675P,0.0
RNU6-677P,0.0
RNU6-678P,0.0
RNU6-679P,0.0
RNU6-67P,0.0
RNU6-680P,0.0
RNU6-681P,0.0
RNU6-682P,0.0
RNU6-684P,0.0
RNU6-685P,0.0
RNU6-686P,0.0
RNU6-687P,0.0
RNU6-689P,0.0
RNU6-68P,0.0
RNU6-690P,0.0
RNU6-692P,0.0
RNU6-693P,0.0
RNU6-694P,0.0
RNU6-695P,0.0
RNU6-696P,0.0
RNU6-697P,0.0
RNU6-698P,0.0
RNU6-699P,0.0
RNU6-6P,0.0
RNU6-7,0.0
RNU6-700P,0.0
RNU6-701P,0.0
RNU6-702P,0.0
RNU6-703P,0.0
RNU6-704P,0.0
RNU6-705P,0.0
RNU6-706P,0.0
RNU6-707P,0.0
RNU6-708P,0.0
RNU6-709P,0.0
RNU6-70P,0.0
RNU6-710P,0.0
RNU6-711P,0.0
RNU6-712P,0.0
RNU6-713P,0.0
RNU6-714P,0.0
RNU6-715P,0.0
RNU6-716P,0.0
RNU6-717P,0.0
RNU6-718P,0.0
RNU6-719P,0.0
RNU6-71P,0.0
RNU6-720P,0.0
RNU6-721P,0.0
RNU6-722P,0.0
RNU6-723P,0.0
RNU6-724P,0.0
RNU6-725P,0.0
RNU6-726P,0.0
RNU6-727P,0.0
RNU6-728P,0.0
RNU6-729P,0.0
RNU6-72P,0.0
RNU6-730P,0.0
RNU6-731P,0.0
RNU6-732P,0.0
RNU6-733P,0.0
RNU6-735P,0.0
RNU6-737P,0.0
RNU6-738P,0.0
RNU6-739P,0.0
RNU6-73P,0.0
RNU6-740P,0.0
RNU6-741P,0.0
RNU6-742P,0.0
RNU6-743P,0.0
RNU6-744P,0.0
RNU6-745P,0.0
RNU6-746P,0.0
RNU6-747P,0.0
RNU6-748P,0.0
RNU6-749P,0.0
RNU6-74P,0.0
RNU6-750P,0.0
RNU6-751P,0.0
RNU6-752P,0.0
RNU6-753P,0.0
RNU6-754P,0.0
RNU6-755P,0.0
RNU6-756P,0.0
RNU6-757P,0.0
RNU6-758P,0.0
RNU6-759P,0.0
RNU6-75P,0.0
RNU6-760P,0.0
RNU6-761P,0.0
RNU6-762P,0.0
RNU6-763P,0.0
RNU6-764P,0.0
RNU6-765P,0.0
RNU6-766P,0.0
RNU6-767P,0.0
RNU6-768P,0.0
RNU6-769P,0.0
RNU6-76P,0.0
RNU6-770P,0.0
RNU6-771P,0.0
RNU6-772P,0.0
RNU6-774P,0.0
RNU6-775P,0.0
RNU6-776P,0.0
RNU6-777P,0.0
RNU6-778P,0.0
RNU6-77P,0.0
RNU6-780P,0.0
RNU6-781P,0.0
RNU6-782P,0.0
RNU6-783P,0.0
RNU6-784P,0.0
RNU6-785P,0.0
RNU6-786P,0.0
RNU6-787P,0.0
RNU6-788P,0.0
RNU6-789P,0.0
RNU6-78P,0.0
RNU6-790P,0.0
RNU6-791P,0.0
RNU6-792P,0.0
RNU6-793P,0.0
RNU6-794P,0.0
RNU6-795P,0.0
RNU6-796P,0.0
RNU6-797P,0.0
RNU6-798P,0.0
RNU6-799P,0.0
RNU6-79P,0.0
RNU6-8,0.0
RNU6-800P,0.0
RNU6-801P,0.0
RNU6-803P,0.0
RNU6-804P,0.0
RNU6-805P,0.0
RNU6-806P,0.0
RNU6-807P,0.0
RNU6-808P,0.0
RNU6-809P,0.0
RNU6-80P,0.0
RNU6-810P,0.0
RNU6-811P,0.0
RNU6-812P,0.0
RNU6-813P,0.0
RNU6-815P,0.0
RNU6-816P,0.0
RNU6-817P,0.0
RNU6-818P,0.0
RNU6-819P,0.0
RNU6-81P,0.0
RNU6-820P,0.0
RNU6-821P,0.0
RNU6-822P,0.0
RNU6-823P,0.0
RNU6-824P,0.0
RNU6-826P,0.0
RNU6-827P,0.0
RNU6-828P,0.0
RNU6-829P,0.0
RNU6-82P,0.0
RNU6-830P,0.0
RNU6-831P,0.0
RNU6-832P,0.0
RNU6-833P,0.0
RNU6-834P,0.0
RNU6-835P,0.0
RNU6-836P,0.0
RNU6-837P,0.0
RNU6-838P,0.0
RNU6-839P,0.0
RNU6-83P,0.0
RNU6-840P,0.0
RNU6-841P,0.0
RNU6-842P,0.0
RNU6-843P,0.0
RNU6-844P,0.0
RNU6-845P,0.0
RNU6-847P,0.0
RNU6-848P,0.0
RNU6-849P,0.0
RNU6-84P,0.0
RNU6-850P,0.0
RNU6-851P,0.0
RNU6-853P,0.0
RNU6-854P,0.0
RNU6-855P,0.0
RNU6-856P,0.0
RNU6-857P,0.0
RNU6-858P,0.0
RNU6-859P,0.0
RNU6-85P,0.0
RNU6-860P,0.0
RNU6-861P,0.0
RNU6-862P,0.0
RNU6-863P,0.0
RNU6-864P,0.0
RNU6-865P,0.0
RNU6-866P,0.0
RNU6-867P,0.0
RNU6-869P,0.0
RNU6-86P,0.0
RNU6-871P,0.0
RNU6-873P,0.0
RNU6-874P,0.0
RNU6-875P,0.0
RNU6-876P,0.0
RNU6-877P,0.0
RNU6-878P,0.0
RNU6-879P,0.0
RNU6-87P,0.0
RNU6-880P,0.0
RNU6-881P,0.0
RNU6-882P,0.0
RNU6-883P,0.0
RNU6-884P,0.0
RNU6-885P,0.0
RNU6-886P,0.0
RNU6-887P,0.0
RNU6-888P,0.0
RNU6-889P,0.0
RNU6-88P,0.0
RNU6-890P,0.0
RNU6-891P,0.0
RNU6-892P,0.0
RNU6-893P,0.0
RNU6-894P,0.0
RNU6-895P,0.0
RNU6-896P,0.0
RNU6-897P,0.0
RNU6-898P,0.0
RNU6-899P,0.0
RNU6-89P,0.0
RNU6-9,0.0
RNU6-900P,0.0
RNU6-901P,0.0
RNU6-902P,0.0
RNU6-903P,0.0
RNU6-904P,0.0
RNU6-905P,0.0
RNU6-906P,0.0
RNU6-907P,0.0
RNU6-908P,0.0
RNU6-909P,0.0
RNU6-90P,0.0
RNU6-910P,0.0
RNU6-911P,0.0
RNU6-912P,0.0
RNU6-913P,0.0
RNU6-914P,0.0
RNU6-915P,0.0
RNU6-916P,0.0
RNU6-917P,0.0
RNU6-918P,0.0
RNU6-919P,0.0
RNU6-91P,0.0
RNU6-920P,0.0
RNU6-921P,0.0
RNU6-922P,0.0
RNU6-923P,0.0
RNU6-924P,0.0
RNU6-925P,0.0
RNU6-926P,0.0
RNU6-927P,0.0
RNU6-928P,0.0
RNU6-929P,0.0
RNU6-92P,0.0
RNU6-930P,0.0
RNU6-931P,0.0
RNU6-932P,0.0
RNU6-933P,0.0
RNU6-934P,0.0
RNU6-935P,0.0
RNU6-936P,0.0
RNU6-937P,0.0
RNU6-938P,0.0
RNU6-939P,0.0
RNU6-940P,0.0
RNU6-941P,0.0
RNU6-942P,0.0
RNU6-943P,0.0
RNU6-944P,0.0
RNU6-945P,0.0
RNU6-946P,0.0
RNU6-947P,0.0
RNU6-948P,0.0
RNU6-949P,0.0
RNU6-94P,0.0
RNU6-950P,0.0
RNU6-951P,0.0
RNU6-952P,0.0
RNU6-953P,0.0
RNU6-954P,0.0
RNU6-955P,0.0
RNU6-956P,0.0
RNU6-957P,0.0
RNU6-958P,0.0
RNU6-959P,0.0
RNU6-95P,0.0
RNU6-960P,0.0
RNU6-961P,0.0
RNU6-964P,0.0
RNU6-965P,0.0
RNU6-966P,0.0
RNU6-967P,0.0
RNU6-968P,0.0
RNU6-969P,0.0
RNU6-970P,0.0
RNU6-971P,0.0
RNU6-972P,0.0
RNU6-973P,0.0
RNU6-974P,0.0
RNU6-975P,0.0
RNU6-976P,0.0
RNU6-977P,0.0
RNU6-978P,0.0
RNU6-979P,0.0
RNU6-97P,0.0
RNU6-980P,0.0
RNU6-982P,0.0
RNU6-983P,0.0
RNU6-984P,0.0
RNU6-985P,0.0
RNU6-986P,0.0
RNU6-987P,0.0
RNU6-988P,0.0
RNU6-989P,0.0
RNU6-98P,0.0
RNU6-990P,0.0
RNU6-991P,0.0
RNU6-992P,0.0
RNU6-993P,0.0
RNU6-994P,0.0
RNU6-995P,0.0
RNU6-996P,0.0
RNU6-997P,0.0
RNU6-998P,0.0
RNU6-999P,0.0
RNU6-99P,0.0
RNU6ATAC,0.0
RNU6ATAC10P,0.0
RNU6ATAC11P,0.0
RNU6ATAC12P,0.0
RNU6ATAC13P,0.0
RNU6ATAC14P,0.0
RNU6ATAC15P,0.0
RNU6ATAC16P,0.0
RNU6ATAC17P,0.0
RNU6ATAC18P,0.0
RNU6ATAC19P,0.0
RNU6ATAC20P,0.0
RNU6ATAC21P,0.0
RNU6ATAC22P,0.0
RNU6ATAC23P,0.0
RNU6ATAC24P,0.0
RNU6ATAC25P,0.0
RNU6ATAC26P,0.0
RNU6ATAC27P,0.0
RNU6ATAC28P,0.0
RNU6ATAC29P,0.0
RNU6ATAC2P,0.0
RNU6ATAC30P,0.0
RNU6ATAC31P,0.0
RNU6ATAC32P,0.0
RNU6ATAC33P,0.0
RNU6ATAC34P,0.0
RNU6ATAC36P,0.0
RNU6ATAC37P,0.0
RNU6ATAC38P,0.0
RNU6ATAC39P,0.0
RNU6ATAC3P,0.0
RNU6ATAC40P,0.0
RNU6ATAC41P,0.0
RNU6ATAC42P,0.0
RNU6ATAC4P,0.0
RNU6ATAC5P,0.0
RNU6ATAC6P,0.0
RNU6ATAC7P,0.0
RNU6ATAC8P,0.0
RNU6ATAC9P,0.0
RNU6V,0.0
RNU7-1,0.0
RNU7-102P,0.0
RNU7-103P,0.0
RNU7-104P,0.0
RNU7-105P,0.0
RNU7-106P,0.0
RNU7-107P,0.0
RNU7-10P,0.0
RNU7-110P,0.0
RNU7-111P,0.0
RNU7-113P,0.0
RNU7-115P,0.0
RNU7-116P,0.0
RNU7-119P,0.0
RNU7-11P,0.0
RNU7-120P,0.0
RNU7-121P,0.0
RNU7-123P,0.0
RNU7-124P,0.0
RNU7-125P,0.0
RNU7-126P,0.0
RNU7-127P,0.0
RNU7-128P,0.0
RNU7-129P,0.0
RNU7-12P,0.0
RNU7-130P,0.0
RNU7-133P,0.0
RNU7-134P,0.0
RNU7-136P,0.0
RNU7-137P,0.0
RNU7-138P,0.0
RNU7-13P,0.0
RNU7-140P,0.0
RNU7-141P,0.0
RNU7-143P,0.0
RNU7-144P,0.0
RNU7-147P,0.0
RNU7-148P,0.0
RNU7-149P,0.0
RNU7-14P,0.0
RNU7-151P,0.0
RNU7-152P,0.0
RNU7-153P,0.0
RNU7-154P,0.0
RNU7-155P,0.0
RNU7-156P,0.0
RNU7-157P,0.0
RNU7-159P,0.0
RNU7-160P,0.0
RNU7-161P,0.0
RNU7-164P,0.0
RNU7-165P,0.0
RNU7-167P,0.0
RNU7-169P,0.0
RNU7-170P,0.0
RNU7-171P,0.0
RNU7-172P,0.0
RNU7-173P,0.0
RNU7-174P,0.0
RNU7-175P,0.0
RNU7-176P,0.0
RNU7-179P,0.0
RNU7-180P,0.0
RNU7-181P,0.0
RNU7-182P,0.0
RNU7-183P,0.0
RNU7-185P,0.0
RNU7-186P,0.0
RNU7-187P,0.0
RNU7-188P,0.0
RNU7-18P,0.0
RNU7-190P,0.0
RNU7-192P,0.0
RNU7-193P,0.0
RNU7-194P,0.0
RNU7-195P,0.0
RNU7-196P,0.0
RNU7-197P,0.0
RNU7-19P,0.0
RNU7-200P,0.0
RNU7-20P,0.0
RNU7-21P,0.0
RNU7-22P,0.0
RNU7-23P,0.0
RNU7-24P,0.0
RNU7-25P,0.0
RNU7-26P,0.0
RNU7-27P,0.0
RNU7-28P,0.0
RNU7-29P,0.0
RNU7-2P,0.0
RNU7-30P,0.0
RNU7-34P,0.0
RNU7-35P,0.0
RNU7-37P,0.0
RNU7-38P,0.0
RNU7-3P,0.0
RNU7-40P,0.0
RNU7-41P,0.0
RNU7-43P,0.0
RNU7-45P,0.0
RNU7-46P,0.0
RNU7-47P,0.0
RNU7-48P,0.0
RNU7-49P,0.0
RNU7-4P,0.0
RNU7-50P,0.0
RNU7-51P,0.0
RNU7-52P,0.0
RNU7-53P,0.0
RNU7-54P,0.0
RNU7-55P,0.0
RNU7-56P,0.0
RNU7-57P,0.0
RNU7-59P,0.0
RNU7-60P,0.0
RNU7-61P,0.0
RNU7-62P,0.0
RNU7-63P,0.0
RNU7-65P,0.0
RNU7-66P,0.0
RNU7-67P,0.0
RNU7-69P,0.0
RNU7-6P,0.0
RNU7-70P,0.0
RNU7-71P,0.0
RNU7-73P,0.0
RNU7-74P,0.0
RNU7-75P,0.0
RNU7-77P,0.0
RNU7-79P,0.0
RNU7-7P,0.0
RNU7-80P,0.0
RNU7-81P,0.0
RNU7-82P,0.0
RNU7-84P,0.0
RNU7-85P,0.0
RNU7-87P,0.0
RNU7-88P,0.0
RNU7-8P,0.0
RNU7-90P,0.0
RNU7-92P,0.0
RNU7-93P,0.0
RNU7-94P,0.0
RNU7-95P,0.0
RNU7-96P,0.0
RNU7-97P,0.0
RNU7-99P,0.0
RNU7-9P,0.0
RNVU1-1,0.0
RNVU1-14,0.0
RNVU1-15,0.0
RNVU1-17,0.0
RNVU1-18,11.659944
RNVU1-19,0.0
RNVU1-2,0.0
RNVU1-21,0.0
RNVU1-22,0.0
RNVU1-23,0.0
RNVU1-24,0.0
RNVU1-25,0.0
RNVU1-26,0.0
RNVU1-27,0.0
RNVU1-28,0.0
RNVU1-29,0.0
RNVU1-2A,0.0
RNVU1-3,0.0
RNVU1-30,0.0
RNVU1-31,0.0
RNVU1-32,0.0
RNVU1-33,0.0
RNVU1-34,0.0
RNVU1-4,0.0
RNVU1-6,0.0
RNVU1-7,0.0
RNVU1-8,0.0
RNY1,0.0
RNY1P1,0.0
RNY1P10,0.0
RNY1P11,0.0
RNY1P12,0.0
RNY1P13,0.0
RNY1P14,0.0
RNY1P15,0.0
RNY1P16,0.0
RNY1P2,0.0
RNY1P3,0.0
RNY1P4,0.0
RNY1P5,0.0
RNY1P6,0.0
RNY1P7,0.0
RNY1P8,0.0
RNY1P9,0.0
RNY3,0.0
RNY3P1,0.0
RNY3P10,0.0
RNY3P11,0.0
RNY3P12,0.0
RNY3P13,0.0
RNY3P14,0.0
RNY3P15,0.0
RNY3P16,0.0
RNY3P2,0.0
RNY3P3,0.0
RNY3P4,0.0
RNY3P5,0.0
RNY3P7,0.0
RNY3P8,0.0
RNY3P9,0.0
RNY4,0.0
RNY4P10,0.0
RNY4P13,0.0
RNY4P14,0.0
RNY4P16,0.0
RNY4P17,0.0
RNY4P18,0.0
RNY4P19,0.0
RNY4P20,0.0
RNY4P23,0.0
RNY4P24,0.0
RNY4P25,0.0
RNY4P27,0.0
RNY4P28,0.0
RNY4P29,0.0
RNY4P3,0.0
RNY4P30,0.0
RNY4P34,0.0
RNY4P36,0.0
RNY4P37,0.0
RNY4P6,0.0
RNY4P7,0.0
RNY4P9,0.0
RPL10,3283.227295
RPL10A,1241.039917
RPL10AP1,0.0301
RPL10AP2,0.32009
RPL10AP3,0.0
RPL10AP5,0.0
RPL10AP6,2.390077
RPL10P1,0.0
RPL10P10,0.0
RPL10P11,0.0
RPL10P12,0.0
RPL10P13,0.0
RPL10P14,0.0
RPL10P15,0.410097
RPL10P16,0.0
RPL10P17,0.0
RPL10P18,0.0
RPL10P19,0.0
RPL10P2,0.0
RPL10P3,0.570115
RPL10P4,0.0
RPL10P5,0.0
RPL10P6,0.0
RPL10P7,0.0
RPL10P8,0.0
RPL10P9,0.0
RPL11,1803.394287
RPL11P1,0.0
RPL11P3,0.0
RPL11P4,0.0
RPL11P5,0.0
RPL12,1732.571899
RPL12P1,0.180105
RPL12P10,0.0
RPL12P11,0.0
RPL12P12,0.0
RPL12P13,0.0
RPL12P14,0.0
RPL12P15,0.0
RPL12P16,0.0
RPL12P17,0.0
RPL12P18,0.0
RPL12P19,0.0
RPL12P2,0.0
RPL12P20,0.0
RPL12P21,0.0
RPL12P22,0.0
RPL12P23,0.0
RPL12P24,0.0
RPL12P25,0.0
RPL12P26,0.0
RPL12P27,0.0
RPL12P28,0.0
RPL12P29,0.0
RPL12P3,0.0
RPL12P30,0.0
RPL12P31,0.0
RPL12P32,0.0
RPL12P33,0.0
RPL12P34,0.0
RPL12P35,0.0
RPL12P36,0.0
RPL12P37,0.0
RPL12P38,0.170104
RPL12P39,0.0
RPL12P4,2.440147
RPL12P40,0.0
RPL12P41,0.0
RPL12P42,0.0
RPL12P43,0.0
RPL12P44,0.0
RPL12P45,0.0
RPL12P46,0.0
RPL12P47,0.0
RPL12P48,0.0
RPL12P49,0.0
RPL12P5,0.0
RPL12P50,0.0
RPL12P6,0.0
RPL12P7,0.0
RPL12P8,0.080102
RPL12P9,0.0
RPL13,2810.088135
RPL13A,2609.394043
RPL13AP,0.0
RPL13AP10,0.0
RPL13AP11,0.0
RPL13AP12,0.0
RPL13AP13,0.0
RPL13AP14,0.0
RPL13AP15,0.0
RPL13AP16,0.0
RPL13AP17,0.0
RPL13AP18,0.0
RPL13AP19,0.0
RPL13AP2,0.0
RPL13AP20,1.300081
RPL13AP21,0.0
RPL13AP22,0.0
RPL13AP23,0.0
RPL13AP24,0.0
RPL13AP25,0.760117
RPL13AP26,0.0
RPL13AP27,0.0
RPL13AP3,0.100098
RPL13AP5,119.071869
RPL13AP6,0.150098
RPL13AP7,0.750108
RPL13AP8,0.0
RPL13AP9,0.0
RPL13P,0.0
RPL13P12,12.56986
RPL13P2,0.0
RPL13P4,0.0
RPL13P5,0.0
RPL13P6,0.0
RPL13P8,0.0
RPL14,933.171875
RPL14P1,14.460147
RPL14P2,0.0
RPL14P3,0.190094
RPL14P5,0.0
RPL14P6,0.0
RPL15,1362.840088
RPL15P1,0.0
RPL15P11,0.0
RPL15P12,0.0
RPL15P13,0.0
RPL15P14,0.0
RPL15P15,0.0
RPL15P16,0.0
RPL15P17,0.0
RPL15P18,0.060102
RPL15P19,0.0
RPL15P2,0.060102
RPL15P20,0.0
RPL15P21,0.0
RPL15P22,0.0
RPL15P3,12.3
RPL15P4,0.0
RPL15P5,0.0
RPL15P6,0.0
RPL15P7,0.0
RPL15P8,0.0
RPL15P9,0.0
RPL17,1561.913818
RPL17P1,0.0
RPL17P10,0.0
RPL17P11,0.0
RPL17P12,0.0
RPL17P13,0.0
RPL17P14,0.0
RPL17P15,0.0
RPL17P16,0.0
RPL17P17,0.0
RPL17P18,0.0
RPL17P19,0.0
RPL17P2,0.0
RPL17P20,0.0
RPL17P21,0.0
RPL17P22,0.060102
RPL17P23,0.0
RPL17P24,0.0
RPL17P25,0.0
RPL17P26,0.0
RPL17P27,0.0
RPL17P28,0.0
RPL17P29,0.0
RPL17P3,0.0
RPL17P30,0.0
RPL17P31,0.0
RPL17P33,0.0
RPL17P34,0.0
RPL17P35,0.0
RPL17P36,0.0
RPL17P37,0.0
RPL17P38,0.0
RPL17P39,0.0
RPL17P4,0.0
RPL17P40,0.0
RPL17P41,0.0
RPL17P43,0.0
RPL17P44,0.0
RPL17P45,0.0
RPL17P46,0.0
RPL17P47,0.0
RPL17P48,0.0
RPL17P49,0.0
RPL17P5,0.0
RPL17P50,0.550091
RPL17P51,0.0
RPL17P6,0.0
RPL17P7,0.0
RPL17P8,0.0
RPL17P9,0.0
RPL18,1825.277222
RPL18A,1827.174805
RPL18AP14,0.0
RPL18AP15,0.0
RPL18AP16,0.0
RPL18AP17,0.0
RPL18AP2,0.0
RPL18AP3,64.14122
RPL18AP7,0.150098
RPL18AP8,0.0
RPL18AP9,0.0
RPL18P1,0.0
RPL18P10,0.080102
RPL18P11,0.0
RPL18P13,0.0
RPL19,2088.85791
RPL19P1,0.0
RPL19P11,0.0
RPL19P13,0.0
RPL19P14,0.0
RPL19P16,0.0
RPL19P18,0.0
RPL19P2,0.0
RPL19P20,0.0
RPL19P21,0.0
RPL19P4,0.0
RPL19P5,0.0
RPL19P6,0.0
RPL19P7,0.0
RPL21,859.407654
RPL21P1,0.0
RPL21P10,0.050099
RPL21P100,0.0
RPL21P103,0.0
RPL21P104,0.0
RPL21P106,0.0
RPL21P107,0.0
RPL21P108,0.0
RPL21P109,0.0
RPL21P11,0.230106
RPL21P110,0.0
RPL21P111,0.0
RPL21P112,0.0
RPL21P113,0.0
RPL21P114,0.0
RPL21P115,0.0
RPL21P116,0.0
RPL21P117,0.0
RPL21P118,0.0
RPL21P119,0.58
RPL21P12,0.0
RPL21P120,0.180105
RPL21P121,0.0
RPL21P122,0.0
RPL21P123,0.0
RPL21P125,0.0
RPL21P126,0.0
RPL21P127,0.0
RPL21P128,0.0
RPL21P129,0.0
RPL21P13,0.0
RPL21P130,0.0
RPL21P131,0.0
RPL21P132,0.0
RPL21P133,0.0
RPL21P134,0.090099
RPL21P135,0.040101
RPL21P136,0.0
RPL21P137,0.0
RPL21P14,0.0
RPL21P15,0.0
RPL21P16,0.0
RPL21P17,0.0
RPL21P18,0.0
RPL21P19,0.0
RPL21P2,0.0
RPL21P20,0.0
RPL21P21,0.0
RPL21P22,0.0
RPL21P23,0.0
RPL21P24,0.0
RPL21P25,0.0
RPL21P26,0.0
RPL21P27,0.0
RPL21P28,0.580096
RPL21P29,0.0
RPL21P3,0.070102
RPL21P30,0.0
RPL21P31,0.0
RPL21P32,0.0
RPL21P33,0.0
RPL21P34,0.0
RPL21P35,0.0
RPL21P36,0.0
RPL21P37,0.0
RPL21P38,0.0
RPL21P39,0.080102
RPL21P4,0.025049
RPL21P40,0.0
RPL21P41,0.0
RPL21P42,0.0
RPL21P43,0.0
RPL21P44,0.1
RPL21P45,0.0
RPL21P46,0.0
RPL21P47,0.0
RPL21P48,0.0
RPL21P49,0.0
RPL21P5,0.0
RPL21P50,0.0
RPL21P51,0.0
RPL21P52,0.0
RPL21P53,0.0
RPL21P54,0.0
RPL21P55,0.0
RPL21P56,0.0
RPL21P57,0.0
RPL21P58,0.0
RPL21P59,0.0
RPL21P6,0.0
RPL21P60,0.0
RPL21P61,0.0
RPL21P62,0.0
RPL21P63,0.0
RPL21P64,0.0
RPL21P65,0.0
RPL21P66,0.0
RPL21P67,0.0
RPL21P68,0.0
RPL21P69,0.0
RPL21P7,0.0
RPL21P70,0.0
RPL21P71,0.0
RPL21P72,0.0
RPL21P73,0.0
RPL21P74,0.0
RPL21P75,0.570115
RPL21P76,0.0
RPL21P77,0.0
RPL21P78,0.0
RPL21P79,0.0
RPL21P8,0.0
RPL21P80,0.0
RPL21P81,0.0
RPL21P82,0.0
RPL21P83,0.0
RPL21P84,0.0
RPL21P85,0.0
RPL21P86,0.0
RPL21P87,0.0
RPL21P88,0.0
RPL21P89,0.0
RPL21P9,0.0
RPL21P90,0.0
RPL21P91,0.0
RPL21P92,0.0
RPL21P93,0.0
RPL21P94,0.0
RPL21P95,0.0
RPL21P96,0.0
RPL21P97,0.0
RPL21P98,0.0
RPL21P99,0.0
RPL22,456.824768
RPL22P1,0.0
RPL22P10,0.0
RPL22P11,0.0
RPL22P12,0.0
RPL22P13,0.0
RPL22P14,0.0
RPL22P16,0.0
RPL22P17,0.0
RPL22P18,0.0
RPL22P19,0.0
RPL22P2,0.0
RPL22P20,0.0
RPL22P21,0.0
RPL22P22,0.0
RPL22P23,0.0
RPL22P24,0.0
RPL22P3,0.0
RPL22P4,0.0
RPL22P5,0.0
RPL22P6,0.0
RPL22P7,0.0
RPL22P8,0.0
RPL23,1560.182251
RPL23A,1136.671143
RPL23AP1,1.210101
RPL23AP10,0.0
RPL23AP11,0.0
RPL23AP12,0.0
RPL23AP14,0.0
RPL23AP15,0.0
RPL23AP16,0.0
RPL23AP17,0.0
RPL23AP18,0.210098
RPL23AP19,0.0
RPL23AP2,1.67
RPL23AP20,0.0
RPL23AP21,0.040101
RPL23AP22,0.0
RPL23AP23,0.0
RPL23AP24,0.160096
RPL23AP25,0.240099
RPL23AP26,0.0
RPL23AP27,0.0
RPL23AP28,0.0
RPL23AP29,0.0
RPL23AP3,0.0
RPL23AP30,0.0
RPL23AP31,0.0
RPL23AP32,0.040101
RPL23AP33,0.0
RPL23AP34,0.0201
RPL23AP35,0.0
RPL23AP36,0.0
RPL23AP37,0.0
RPL23AP38,0.0
RPL23AP39,0.0
RPL23AP4,0.0
RPL23AP40,0.0
RPL23AP41,0.0
RPL23AP42,1226.897461
RPL23AP43,0.070102
RPL23AP44,0.0
RPL23AP45,0.0
RPL23AP46,0.0
RPL23AP47,0.0
RPL23AP48,0.0
RPL23AP49,0.93
RPL23AP50,0.0
RPL23AP51,0.0
RPL23AP52,0.0
RPL23AP53,2.510166
RPL23AP54,0.0
RPL23AP55,0.0
RPL23AP56,0.0
RPL23AP57,0.0
RPL23AP58,0.0
RPL23AP59,0.0
RPL23AP6,0.0
RPL23AP60,0.0
RPL23AP61,0.02
RPL23AP62,0.0
RPL23AP63,0.100098
RPL23AP64,0.280092
RPL23AP65,2.460024
RPL23AP66,0.0
RPL23AP67,0.072574
RPL23AP68,0.0
RPL23AP69,0.0
RPL23AP7,6.540049
RPL23AP70,0.0
RPL23AP71,0.0
RPL23AP72,0.0
RPL23AP73,0.0
RPL23AP74,0.420102
RPL23AP75,0.0
RPL23AP76,0.0
RPL23AP77,0.0
RPL23AP78,0.0
RPL23AP8,0.0
RPL23AP80,0.0
RPL23AP81,0.190094
RPL23AP82,18.420361
RPL23AP83,0.0
RPL23AP84,0.0
RPL23AP85,0.0
RPL23AP86,0.0
RPL23AP87,0.120102
RPL23AP88,0.0
RPL23AP89,0.0
RPL23AP90,0.0
RPL23AP91,0.0
RPL23AP92,0.0
RPL23AP93,0.0
RPL23AP94,0.0
RPL23AP95,0.0
RPL23AP96,0.0
RPL23AP97,0.260096
RPL23P10,0.0
RPL23P11,0.0
RPL23P2,0.640102
RPL23P4,0.0
RPL23P5,0.0
RPL23P8,0.0
RPL24,1358.594116
RPL24P2,2.700112
RPL24P4,12.900002
RPL24P6,0.0
RPL24P7,0.0
RPL24P8,1.230074
RPL24P9,0.0
RPL26,1995.036133
RPL26P13,0.0
RPL26P15,0.0
RPL26P19,2.920176
RPL26P20,0.0
RPL26P26,0.0
RPL26P27,0.0
RPL26P28,0.0
RPL26P29,0.0
RPL26P3,0.0
RPL26P30,0.420102
RPL26P31,0.0
RPL26P34,0.0
RPL26P35,0.0
RPL26P36,0.0
RPL26P37,0.0
RPL26P6,0.0
RPL26P9,0.0
RPL27,1876.982056
RPL27A,2380.583984
RPL27AP,0.0
RPL27AP3,0.0
RPL27AP4,0.0
RPL27AP5,0.0
RPL27AP8,0.0
RPL27P12,0.0
RPL27P5,0.0
RPL27P6,0.0
RPL27P7,0.0
RPL27P8,0.0
RPL27P9,0.0
RPL28,1951.813354
RPL28P1,0.0
RPL28P2,0.0
RPL29,1452.830078
RPL29P1,0.0
RPL29P11,1.470103
RPL29P12,0.180105
RPL29P13,0.0
RPL29P14,0.230106
RPL29P15,0.0
RPL29P16,0.0
RPL29P17,0.0
RPL29P18,0.0
RPL29P19,0.230106
RPL29P2,0.0
RPL29P20,0.0
RPL29P21,0.0
RPL29P22,0.0
RPL29P23,0.0
RPL29P24,0.09
RPL29P25,0.0
RPL29P26,0.0
RPL29P27,0.0
RPL29P28,0.0
RPL29P29,0.0
RPL29P3,0.0
RPL29P30,0.0
RPL29P31,0.0
RPL29P32,0.0
RPL29P33,0.130096
RPL29P34,0.0
RPL29P4,0.0
RPL29P5,0.0
RPL29P6,0.0
RPL29P7,0.0
RPL29P8,0.0
RPL29P9,0.0
RPL3,2028.080566
RPL30,2256.075195
RPL30P1,0.0
RPL30P10,0.0
RPL30P11,0.0
RPL30P12,0.0
RPL30P13,0.0
RPL30P14,0.0
RPL30P15,0.0
RPL30P16,0.0
RPL30P2,0.0
RPL30P3,0.0
RPL30P4,0.0
RPL30P5,0.0
RPL30P6,0.0
RPL30P7,0.0
RPL30P9,0.0
RPL31,2345.207031
RPL31P1,0.0
RPL31P10,0.0
RPL31P11,0.0
RPL31P12,0.0
RPL31P13,0.0
RPL31P14,0.0
RPL31P15,0.0
RPL31P16,0.0
RPL31P17,0.0
RPL31P18,0.0
RPL31P19,0.0
RPL31P2,0.0
RPL31P20,0.0
RPL31P21,0.0
RPL31P22,0.0
RPL31P23,0.0
RPL31P24,0.0
RPL31P25,0.0
RPL31P26,0.0
RPL31P28,0.0
RPL31P29,0.0
RPL31P3,0.0
RPL31P30,0.0
RPL31P31,0.0
RPL31P32,0.0
RPL31P33,0.0
RPL31P34,0.0
RPL31P35,0.0
RPL31P36,0.0
RPL31P37,0.0
RPL31P38,0.0
RPL31P39,0.0
RPL31P4,0.0
RPL31P40,0.0
RPL31P41,0.0
RPL31P42,0.0
RPL31P43,0.0
RPL31P44,0.0
RPL31P45,0.0
RPL31P46,0.0
RPL31P47,0.0
RPL31P48,0.0
RPL31P49,0.130096
RPL31P5,0.0
RPL31P50,0.0
RPL31P51,0.0
RPL31P52,0.190094
RPL31P53,0.0
RPL31P54,0.0
RPL31P56,0.0
RPL31P57,0.0
RPL31P58,0.0
RPL31P59,0.0
RPL31P6,0.0
RPL31P60,0.0
RPL31P61,0.0
RPL31P62,0.0
RPL31P63,0.120102
RPL31P64,0.0
RPL31P7,0.0
RPL31P8,0.0
RPL31P9,0.0
RPL32,1973.717529
RPL32P1,0.100098
RPL32P10,0.0
RPL32P11,0.0
RPL32P12,0.0
RPL32P13,0.0
RPL32P14,0.0
RPL32P15,0.0
RPL32P16,0.0
RPL32P17,0.0
RPL32P18,0.0
RPL32P19,0.0
RPL32P2,0.0
RPL32P20,0.0
RPL32P21,0.0
RPL32P22,0.0
RPL32P23,0.0
RPL32P24,0.0
RPL32P25,0.0
RPL32P26,0.0
RPL32P27,0.0
RPL32P28,0.0
RPL32P29,14.109629
RPL32P3,4.709991
RPL32P30,0.0
RPL32P31,0.0
RPL32P32,0.0
RPL32P33,0.0
RPL32P34,0.0
RPL32P35,0.0
RPL32P36,0.0
RPL32P4,0.0
RPL32P5,0.0
RPL32P6,0.0
RPL32P7,0.0
RPL32P8,0.0
RPL32P9,0.0
RPL34,1663.606934
RPL34P1,0.0
RPL34P10,0.0
RPL34P11,0.0
RPL34P16,0.0
RPL34P17,0.0
RPL34P18,0.59
RPL34P19,0.0
RPL34P20,0.0
RPL34P21,0.0
RPL34P22,0.0
RPL34P23,0.0
RPL34P24,0.0
RPL34P26,0.0
RPL34P27,0.0
RPL34P29,0.0
RPL34P3,0.0
RPL34P31,0.0
RPL34P33,0.0
RPL34P34,0.18
RPL34P36,0.0
RPL34P6,0.0
RPL34P8,0.0
RPL34P9,0.0
RPL35,1783.875977
RPL35A,1415.895142
RPL35AP,0.0
RPL35AP10,0.0
RPL35AP11,0.0
RPL35AP12,0.0
RPL35AP13,0.0
RPL35AP14,0.0
RPL35AP15,0.0
RPL35AP16,0.0
RPL35AP17,0.0
RPL35AP18,0.0
RPL35AP19,0.0
RPL35AP2,0.0
RPL35AP20,0.0
RPL35AP21,0.0
RPL35AP22,0.0
RPL35AP23,0.0
RPL35AP24,0.0
RPL35AP26,0.0
RPL35AP27,0.0
RPL35AP28,0.0
RPL35AP29,0.0
RPL35AP3,0.0
RPL35AP30,0.0
RPL35AP31,0.0
RPL35AP32,0.0
RPL35AP33,0.0
RPL35AP34,0.0
RPL35AP35,0.0
RPL35AP36,0.0
RPL35AP37,0.0
RPL35AP4,0.0
RPL35AP5,0.0
RPL35AP6,0.0
RPL35AP7,0.0
RPL35AP8,0.0
RPL35AP9,0.0
RPL35P1,1.83006
RPL35P2,0.66009
RPL35P3,0.0
RPL35P4,0.0
RPL35P5,6.759928
RPL35P6,0.0
RPL35P8,0.0
RPL35P9,0.0
RPL36,1097.87561
RPL36A,1579.769653
RPL36AP1,0.0
RPL36AP10,0.0
RPL36AP11,0.0
RPL36AP12,0.0
RPL36AP13,0.0
RPL36AP14,0.0
RPL36AP15,0.0
RPL36AP16,0.0
RPL36AP17,0.0
RPL36AP18,0.0
RPL36AP19,0.0
RPL36AP2,0.0
RPL36AP20,0.0
RPL36AP21,0.0
RPL36AP23,0.0
RPL36AP24,0.0
RPL36AP25,0.0
RPL36AP26,0.0
RPL36AP27,0.0
RPL36AP28,0.0
RPL36AP29,0.0
RPL36AP30,0.0
RPL36AP31,0.0
RPL36AP32,0.0
RPL36AP33,0.0
RPL36AP34,0.0
RPL36AP35,0.0
RPL36AP36,0.0
RPL36AP37,0.0
RPL36AP38,0.0
RPL36AP39,0.0
RPL36AP4,0.0
RPL36AP40,0.0
RPL36AP41,0.0
RPL36AP43,0.330099
RPL36AP44,0.0
RPL36AP45,0.0
RPL36AP46,0.0
RPL36AP47,0.0
RPL36AP48,0.0
RPL36AP49,0.0
RPL36AP5,0.0
RPL36AP50,0.0
RPL36AP51,0.0
RPL36AP52,0.0
RPL36AP53,0.0
RPL36AP54,0.0
RPL36AP55,0.0
RPL36AP6,0.0
RPL36AP7,0.0
RPL36AP8,0.0
RPL36AP9,0.0
RPL36P1,0.0
RPL36P10,0.0
RPL36P11,0.0
RPL36P12,0.0
RPL36P13,0.0
RPL36P14,0.0
RPL36P15,0.0
RPL36P16,0.0
RPL36P17,0.0
RPL36P18,0.0
RPL36P19,0.0
RPL36P2,0.0
RPL36P20,0.0
RPL36P3,0.0
RPL36P4,0.0
RPL36P5,0.0
RPL36P6,0.0
RPL36P7,0.0
RPL36P8,0.0
RPL36P9,0.0
RPL37,2066.549561
RPL37A,3216.998535
RPL37AP1,0.01
RPL37AP8,0.0
RPL37P1,0.0
RPL37P10,0.0
RPL37P11,0.0
RPL37P12,0.0
RPL37P13,0.0
RPL37P15,0.0
RPL37P18,0.0
RPL37P2,0.670107
RPL37P21,0.0
RPL37P23,0.180105
RPL37P24,0.0
RPL37P25,0.0
RPL37P3,0.0
RPL37P4,0.0
RPL37P6,1.470103
RPL38,1712.987915
RPL38P1,0.0
RPL38P2,0.0
RPL38P3,0.0
RPL38P4,0.0
RPL38P5,0.0
RPL38P6,0.0
RPL39,2868.139648
RPL39L,11.209764
RPL39P,0.0
RPL39P14,0.0
RPL39P15,0.0
RPL39P16,0.0
RPL39P17,0.0
RPL39P18,0.0
RPL39P25,0.0
RPL39P26,0.0
RPL39P28,0.0
RPL39P29,0.0
RPL39P3,495.859985
RPL39P31,0.0
RPL39P33,0.0
RPL39P34,2.490057
RPL39P36,0.0
RPL39P38,0.0
RPL39P39,0.0
RPL39P40,0.0
RPL39P5,0.0
RPL39P6,0.0
RPL3L,0.070102
RPL3P1,0.01
RPL3P10,0.0
RPL3P11,0.0
RPL3P12,0.0
RPL3P13,0.0
RPL3P2,0.290102
RPL3P3,0.0
RPL3P4,45.21944
RPL3P5,0.0
RPL3P6,0.0201
RPL3P7,0.150098
RPL3P8,0.0
RPL3P9,0.0
RPL4,2089.583252
RPL41,5806.621582
RPL41P1,0.0
RPL41P2,50.519699
RPL41P5,0.0
RPL4P1,0.0201
RPL4P2,0.0
RPL4P3,0.0201
RPL4P4,5.250128
RPL4P5,0.69012
RPL4P6,0.25
RPL4P7,0.0
RPL5,1117.453613
RPL5P1,0.230106
RPL5P10,0.0
RPL5P11,0.0
RPL5P12,0.090099
RPL5P13,0.0
RPL5P14,0.0
RPL5P15,0.0
RPL5P16,0.0
RPL5P17,0.0301
RPL5P18,0.0301
RPL5P19,0.0
RPL5P2,0.0
RPL5P20,0.0
RPL5P21,0.0
RPL5P22,0.0
RPL5P23,0.500106
RPL5P24,0.050099
RPL5P25,0.0
RPL5P26,0.0
RPL5P27,0.0
RPL5P28,0.0
RPL5P29,0.09
RPL5P3,0.040101
RPL5P30,0.410097
RPL5P31,0.0
RPL5P32,0.0
RPL5P33,0.0
RPL5P34,1.080125
RPL5P35,0.0
RPL5P4,0.640102
RPL5P5,0.0
RPL5P6,0.0
RPL5P7,0.0
RPL5P8,0.0
RPL5P9,0.040101
RPL6,1317.7854
RPL6P1,0.0
RPL6P10,0.0
RPL6P11,0.0
RPL6P12,0.0
RPL6P13,0.0
RPL6P14,0.0
RPL6P15,0.0
RPL6P16,0.0
RPL6P17,0.0
RPL6P18,0.0
RPL6P19,0.0
RPL6P2,0.0
RPL6P20,0.0
RPL6P21,0.0
RPL6P22,0.0
RPL6P23,0.0
RPL6P24,0.0
RPL6P25,0.0
RPL6P26,0.0
RPL6P27,17.529657
RPL6P28,0.0
RPL6P29,0.0
RPL6P3,0.0
RPL6P30,0.0
RPL6P31,0.0
RPL6P32,0.0
RPL6P4,0.0
RPL6P5,0.0
RPL6P6,0.0
RPL6P7,0.0
RPL6P8,0.0
RPL6P9,0.0
RPL7,1840.394897
RPL7A,1855.780151
RPL7AP10,0.260096
RPL7AP11,0.400107
RPL7AP12,0.0
RPL7AP13,0.0
RPL7AP14,0.0
RPL7AP15,0.0301
RPL7AP16,0.0
RPL7AP17,0.0
RPL7AP18,0.0
RPL7AP19,0.0
RPL7AP2,0.040101
RPL7AP20,0.0
RPL7AP21,0.0
RPL7AP22,0.0
RPL7AP23,0.0
RPL7AP24,0.0
RPL7AP25,0.0
RPL7AP26,0.0201
RPL7AP27,0.0
RPL7AP28,0.060102
RPL7AP29,0.0
RPL7AP3,0.0
RPL7AP30,2.69
RPL7AP31,0.060102
RPL7AP32,0.0
RPL7AP33,0.0
RPL7AP34,0.0
RPL7AP35,0.0
RPL7AP36,0.0
RPL7AP37,0.0
RPL7AP38,0.0
RPL7AP39,0.0
RPL7AP4,0.0
RPL7AP40,0.0
RPL7AP41,0.0
RPL7AP42,0.0
RPL7AP43,0.0
RPL7AP44,0.0
RPL7AP45,0.0
RPL7AP46,0.0
RPL7AP47,0.0
RPL7AP48,0.0
RPL7AP49,0.0
RPL7AP5,0.0
RPL7AP50,0.0
RPL7AP51,0.0
RPL7AP52,0.0
RPL7AP53,0.0
RPL7AP54,0.0
RPL7AP55,0.0
RPL7AP56,0.0
RPL7AP57,0.0
RPL7AP58,0.0
RPL7AP6,7.78034
RPL7AP60,0.100098
RPL7AP61,0.0
RPL7AP62,0.0
RPL7AP63,0.0
RPL7AP64,0.100098
RPL7AP65,0.0
RPL7AP66,0.590088
RPL7AP67,0.0
RPL7AP69,0.0
RPL7AP7,0.0
RPL7AP70,0.0
RPL7AP71,0.0
RPL7AP72,0.0
RPL7AP73,0.0
RPL7AP74,0.0
RPL7AP75,0.0
RPL7AP76,0.0
RPL7AP77,0.0
RPL7AP78,0.0
RPL7AP79,0.0
RPL7AP8,0.0
RPL7AP80,0.0
RPL7AP81,0.0
RPL7AP82,0.0
RPL7AP83,0.0
RPL7AP9,0.0
RPL7P1,29.670471
RPL7P10,0.0
RPL7P11,0.0
RPL7P12,0.0
RPL7P13,0.0
RPL7P14,0.0
RPL7P15,0.0
RPL7P16,0.0
RPL7P17,0.0301
RPL7P18,0.0
RPL7P19,0.0
RPL7P2,0.0
RPL7P20,0.0
RPL7P21,0.120102
RPL7P22,0.0301
RPL7P23,0.970071
RPL7P24,0.0201
RPL7P25,0.0
RPL7P26,0.0301
RPL7P27,0.0
RPL7P28,0.0
RPL7P29,0.0
RPL7P3,0.0
RPL7P30,0.0
RPL7P31,0.0
RPL7P32,0.270107
RPL7P33,0.0
RPL7P34,0.0
RPL7P35,0.0
RPL7P36,0.0
RPL7P37,0.0
RPL7P38,0.0
RPL7P39,0.0
RPL7P4,0.0
RPL7P40,0.0
RPL7P41,0.0
RPL7P42,0.0
RPL7P43,0.0
RPL7P44,0.0
RPL7P45,0.0
RPL7P46,0.03
RPL7P47,0.180105
RPL7P48,0.0
RPL7P49,0.0
RPL7P5,0.0
RPL7P50,0.02
RPL7P51,0.0
RPL7P52,0.0
RPL7P53,0.0
RPL7P54,0.0
RPL7P55,0.0
RPL7P56,0.0
RPL7P57,0.090099
RPL7P58,0.0
RPL7P59,0.0
RPL7P6,0.140103
RPL7P60,0.0
RPL7P61,0.0
RPL7P7,0.0
RPL7P8,0.0
RPL7P9,39.020668
RPL8,2461.280762
RPL8P1,0.0
RPL8P2,0.0
RPL8P3,0.0
RPL8P4,0.0
RPL9,1152.218872
RPL9P13,0.0
RPL9P14,0.0
RPL9P15,0.0
RPL9P16,0.0
RPL9P18,0.07
RPL9P2,0.050099
RPL9P21,0.0
RPL9P25,0.950089
RPL9P28,0.0
RPL9P29,0.650087
RPL9P3,0.040101
RPL9P30,0.0
RPL9P31,0.0
RPL9P32,0.160096
RPL9P33,0.0
RPL9P5,0.0
RPL9P6,0.0
RPL9P7,1.180093
RPL9P9,0.0
RPLP0,2293.25
RPLP0P1,0.0
RPLP0P10,0.0
RPLP0P11,0.0
RPLP0P12,0.0
RPLP0P2,0.610081
RPLP0P3,0.0
RPLP0P4,0.0
RPLP0P5,0.0
RPLP0P6,19.70014
RPLP0P7,0.0
RPLP0P8,0.0
RPLP0P9,0.0
RPLP1,2042.753418
RPLP1P10,0.0
RPLP1P11,0.700107
RPLP1P13,0.0
RPLP1P5,0.0
RPLP1P6,1.420094
RPLP2,1314.408936
RPLP2P1,0.0
RPPH1,9.12015
RPPH1-2P,0.0
RPPH1-3P,0.0
RPS10,1482.482178
RPS10P10,0.0
RPS10P14,0.0
RPS10P16,0.110098
RPS10P18,0.0
RPS10P2,0.220097
RPS10P20,0.0
RPS10P21,0.0
RPS10P27,0.0
RPS10P28,0.0
RPS10P3,0.070102
RPS10P4,0.0
RPS10P5,0.0
RPS10P7,0.0
RPS10P9,0.0
RPS11,2818.280029
RPS11P1,0.0
RPS11P5,1.030068
RPS11P7,0.0
RPS12,1660.612305
RPS12P10,0.0
RPS12P15,0.0
RPS12P16,0.0
RPS12P17,0.0
RPS12P18,0.0
RPS12P2,0.0
RPS12P20,0.0
RPS12P21,0.02
RPS12P23,0.0
RPS12P24,0.0
RPS12P26,0.250107
RPS12P27,0.0
RPS12P28,0.120102
RPS12P3,0.0
RPS12P31,0.02
RPS12P4,0.0
RPS12P5,0.0
RPS12P6,0.0
RPS12P7,0.0
RPS13,1057.321777
RPS13P2,0.880092
RPS13P3,0.0
RPS13P4,0.0
RPS13P5,0.0
RPS14,1255.719849
RPS14P4,0.0
RPS14P5,0.0
RPS14P7,0.0
RPS14P8,0.090099
RPS15,1428.810669
RPS15A,1728.972778
RPS15AP1,1.560132
RPS15AP10,0.330099
RPS15AP11,0.2
RPS15AP12,0.670107
RPS15AP13,0.0
RPS15AP14,0.0
RPS15AP15,0.0
RPS15AP16,0.120102
RPS15AP17,0.0
RPS15AP18,0.0
RPS15AP24,0.160096
RPS15AP25,0.0
RPS15AP27,0.0
RPS15AP28,0.0
RPS15AP29,0.0
RPS15AP3,0.0
RPS15AP30,0.0
RPS15AP32,0.0
RPS15AP34,0.0
RPS15AP36,0.180105
RPS15AP38,0.150098
RPS15AP39,0.0
RPS15AP40,0.0
RPS15AP5,0.0
RPS15AP6,0.0
RPS15AP7,0.0
RPS15AP9,0.0
RPS15P4,0.0
RPS15P5,0.090099
RPS15P9,0.0
RPS16,1847.039551
RPS16P2,0.0
RPS16P3,0.0
RPS16P4,0.0
RPS16P5,0.0
RPS16P8,0.0
RPS16P9,0.0
RPS17,1738.706787
RPS17P1,0.0
RPS17P10,0.0
RPS17P11,0.0
RPS17P13,0.0
RPS17P14,0.0
RPS17P15,0.0
RPS17P17,0.0
RPS17P2,0.0
RPS17P5,0.0
RPS17P7,0.0
RPS17P8,0.0
RPS17P9,0.0
RPS18,3439.777588
RPS18P1,0.0
RPS18P12,0.32009
RPS18P13,0.0
RPS18P5,0.0
RPS18P6,0.0
RPS18P8,0.0
RPS18P9,2.830077
RPS19,2445.814697
RPS19BP1,72.997856
RPS19P1,0.0
RPS19P3,0.220097
RPS19P6,0.0
RPS19P7,0.0
RPS2,2386.199951
RPS20,1963.484009
RPS20P1,0.0
RPS20P10,0.0
RPS20P12,0.0
RPS20P13,0.0
RPS20P14,0.880092
RPS20P15,0.0
RPS20P2,0.0
RPS20P20,0.0
RPS20P21,0.0
RPS20P22,0.210098
RPS20P23,0.0
RPS20P24,0.0
RPS20P25,0.0
RPS20P31,0.0
RPS20P32,0.0
RPS20P33,0.620115
RPS20P4,0.100098
RPS20P5,0.0
RPS20P9,0.0
RPS21,2050.209717
RPS21P1,0.34009
RPS21P2,0.0
RPS21P4,0.0
RPS21P8,0.0
RPS23,2182.701416
RPS23P1,0.0
RPS23P10,0.0
RPS23P2,0.0
RPS23P3,0.0
RPS23P4,0.0
RPS23P5,0.0
RPS23P6,0.0
RPS23P7,0.0
RPS23P8,13.940001
RPS23P9,0.0
RPS24,2948.199707
RPS24P1,0.0
RPS24P10,0.0
RPS24P12,0.0
RPS24P13,0.0
RPS24P14,0.0
RPS24P16,0.0
RPS24P17,0.0
RPS24P18,0.0
RPS24P19,0.0
RPS24P21,0.0
RPS24P6,0.0
RPS24P7,0.0
RPS24P8,1.450052
RPS24P9,0.0
RPS25,999.87146
RPS25P3,0.0
RPS25P4,0.0
RPS25P5,0.0
RPS25P7,0.0
RPS25P9,0.0
RPS26,464.9711
RPS26P11,0.070102
RPS26P13,0.0
RPS26P15,0.250107
RPS26P18,0.0
RPS26P19,0.0
RPS26P2,0.0
RPS26P20,0.0
RPS26P21,0.0
RPS26P22,0.0
RPS26P24,0.0
RPS26P28,0.0
RPS26P29,0.0
RPS26P3,0.35009
RPS26P30,0.0
RPS26P31,0.22
RPS26P34,0.0
RPS26P35,0.0
RPS26P38,0.0
RPS26P39,0.0
RPS26P4,0.0
RPS26P40,0.0
RPS26P41,0.0
RPS26P42,0.0
RPS26P43,0.0
RPS26P45,0.0
RPS26P47,0.34009
RPS26P48,0.0
RPS26P49,0.0
RPS26P5,0.0
RPS26P52,0.0
RPS26P54,0.0
RPS26P55,0.0
RPS26P56,0.0
RPS26P57,0.0
RPS26P58,0.0
RPS26P6,0.680087
RPS26P8,0.190094
RPS27,4694.529297
RPS27A,1359.559692
RPS27AP1,0.0
RPS27AP10,0.0
RPS27AP11,0.0
RPS27AP12,0.0
RPS27AP13,0.0
RPS27AP14,0.0
RPS27AP15,0.0
RPS27AP16,0.0
RPS27AP17,0.0
RPS27AP18,0.0
RPS27AP19,0.0
RPS27AP2,0.0
RPS27AP20,0.0
RPS27AP3,0.0
RPS27AP5,0.0
RPS27AP6,0.0
RPS27AP7,0.0
RPS27AP8,0.0
RPS27AP9,0.0
RPS27L,106.240364
RPS27P1,0.0
RPS27P10,0.0
RPS27P11,0.0
RPS27P12,0.0
RPS27P13,0.0
RPS27P14,0.0
RPS27P15,0.0
RPS27P16,0.0
RPS27P17,0.0
RPS27P18,0.0
RPS27P19,0.0
RPS27P2,0.0
RPS27P20,0.0
RPS27P21,0.0
RPS27P22,0.0
RPS27P23,0.0
RPS27P24,0.0
RPS27P25,0.0
RPS27P26,0.0
RPS27P27,0.0
RPS27P28,0.0
RPS27P29,0.0
RPS27P3,0.0
RPS27P30,0.0
RPS27P4,0.0
RPS27P5,0.0
RPS27P6,0.0
RPS27P7,0.0
RPS27P8,0.0
RPS27P9,0.0
RPS28,833.476807
RPS28P1,0.0
RPS28P4,0.0
RPS28P5,0.0
RPS28P7,798.748779
RPS28P8,0.0
RPS29,2963.321777
RPS29P1,0.0
RPS29P10,0.0
RPS29P11,0.0
RPS29P12,0.0
RPS29P13,0.0
RPS29P14,0.0
RPS29P15,0.0
RPS29P16,0.0
RPS29P17,0.0
RPS29P19,0.0
RPS29P2,0.0
RPS29P20,0.0
RPS29P21,0.0
RPS29P22,0.0
RPS29P23,0.0
RPS29P24,0.0
RPS29P25,0.0
RPS29P26,0.0
RPS29P27,0.0
RPS29P28,0.0
RPS29P29,0.0
RPS29P3,0.0
RPS29P30,0.0
RPS29P31,0.0
RPS29P32,0.0
RPS29P33,0.0
RPS29P4,0.0
RPS29P5,0.0
RPS29P6,0.0
RPS29P7,0.0
RPS29P8,0.0
RPS29P9,0.0
RPS2P1,0.0
RPS2P15,0.0
RPS2P16,0.0
RPS2P17,0.0
RPS2P18,0.0
RPS2P19,0.0
RPS2P2,0.0
RPS2P24,0.0
RPS2P25,0.0
RPS2P28,0.0
RPS2P32,1.14
RPS2P35,0.040101
RPS2P36,0.0
RPS2P39,0.0
RPS2P4,0.110098
RPS2P41,0.0
RPS2P44,0.0
RPS2P45,0.0201
RPS2P46,14.649824
RPS2P48,0.0301
RPS2P5,133.703201
RPS2P52,0.0
RPS2P55,3.080102
RPS2P6,0.0
RPS2P7,0.69012
RPS3,2068.399658
RPS3A,1965.798218
RPS3AP1,0.0
RPS3AP10,0.0
RPS3AP11,0.0
RPS3AP12,0.0
RPS3AP13,0.0
RPS3AP14,0.0
RPS3AP15,0.0
RPS3AP16,0.0
RPS3AP17,0.0
RPS3AP18,0.0
RPS3AP19,0.0
RPS3AP2,0.0
RPS3AP20,0.0
RPS3AP21,0.0
RPS3AP22,0.0
RPS3AP23,0.0
RPS3AP24,0.0
RPS3AP25,0.040101
RPS3AP26,8.749809
RPS3AP27,0.0
RPS3AP28,0.0
RPS3AP29,0.0
RPS3AP3,0.0
RPS3AP30,0.0
RPS3AP31,0.0
RPS3AP32,0.0
RPS3AP33,0.0
RPS3AP34,0.110098
RPS3AP35,0.0
RPS3AP36,0.0
RPS3AP37,0.0
RPS3AP38,0.0
RPS3AP39,0.0
RPS3AP4,0.0
RPS3AP40,0.0
RPS3AP41,0.0
RPS3AP42,0.0
RPS3AP43,0.0301
RPS3AP44,0.060102
RPS3AP46,0.0
RPS3AP47,0.38011
RPS3AP48,0.0
RPS3AP49,0.060102
RPS3AP5,1.190122
RPS3AP50,0.0
RPS3AP51,0.0
RPS3AP52,0.0
RPS3AP53,0.0
RPS3AP54,0.0
RPS3AP6,27.079935
RPS3AP7,0.0
RPS3AP8,0.0
RPS3AP9,0.0
RPS3P1,0.0
RPS3P2,0.040101
RPS3P3,0.0
RPS3P4,0.0
RPS3P6,0.0
RPS3P7,0.0
RPS4X,1159.670166
RPS4XP1,0.050099
RPS4XP10,0.0
RPS4XP11,0.070102
RPS4XP12,0.0
RPS4XP13,0.04
RPS4XP14,0.120102
RPS4XP15,0.0
RPS4XP16,0.680087
RPS4XP17,0.100098
RPS4XP18,0.0
RPS4XP19,0.0
RPS4XP2,0.05
RPS4XP20,0.0
RPS4XP21,0.0
RPS4XP22,0.160096
RPS4XP23,0.0
RPS4XP3,0.0
RPS4XP4,0.0
RPS4XP5,0.0
RPS4XP6,0.180105
RPS4XP7,0.0201
RPS4XP8,0.0
RPS4XP9,0.0
RPS5,1104.822266
RPS5P2,0.0
RPS5P3,0.0
RPS5P7,0.0
RPS5P8,0.0
RPS6,2032.584229
RPS6P12,0.0
RPS6P14,0.0
RPS6P15,0.0
RPS6P16,0.0
RPS6P2,0.0
RPS6P20,0.0
RPS6P21,0.0
RPS6P22,0.0
RPS6P23,0.0
RPS6P25,0.0
RPS6P26,0.0
RPS6P3,0.0
RPS6P4,0.0
RPS6P7,0.0
RPS6P8,0.0
RPS7,1223.689819
RPS7P1,13.86049
RPS7P10,1.710053
RPS7P11,3.030113
RPS7P12,0.0
RPS7P13,0.0
RPS7P14,0.12
RPS7P15,0.0
RPS7P2,0.0
RPS7P3,0.180105
RPS7P4,0.160096
RPS7P5,0.0
RPS7P6,0.0
RPS7P7,0.0
RPS7P8,0.0
RPS7P9,0.0
RPS8,1672.320435
RPS8P10,0.0
RPS8P3,0.0
RPS8P4,0.0
RPS8P5,0.0
RPS8P6,0.0
RPS9,1857.953857
RPS9P1,0.120102
SCARNA1,0.0
SCARNA10,0.88
SCARNA11,0.0
SCARNA12,1.280126
SCARNA13,1.580059
SCARNA14,0.0
SCARNA15,0.620115
SCARNA16,1.49012
SCARNA17,0.0
SCARNA18,0.0
SCARNA18B,0.0
SCARNA2,1.380087
SCARNA20,0.0
SCARNA21,0.0
SCARNA21B,0.0
SCARNA22,0.0
SCARNA23,0.0
SCARNA3,0.0
SCARNA4,0.0
SCARNA5,0.4501
SCARNA6,0.440115
SCARNA7,0.840113
SCARNA8,0.0
SNORA1,0.0
SNORA10,0.0
SNORA108,0.0
SNORA10B,0.0
SNORA11,0.0
SNORA11B,0.0
SNORA11C,0.0
SNORA11D,0.0
SNORA11E,0.0
SNORA11F,0.0
SNORA11G,0.0
SNORA12,0.0
SNORA13,0.0
SNORA14A,0.0
SNORA14B,0.0
SNORA15,0.0
SNORA15B-1,0.0
SNORA15B-2,0.0
SNORA16A,0.0
SNORA16B,0.0
SNORA17A,0.0
SNORA17B,0.0
SNORA18,0.0
SNORA19,0.0
SNORA1B,0.0
SNORA20,0.0
SNORA20B,0.0
SNORA21,0.0
SNORA21B,0.0
SNORA22,0.0
SNORA22B,0.0
SNORA22C,0.0
SNORA23,0.0
SNORA24,0.0
SNORA24B,0.0
SNORA25,0.0
SNORA25B,0.0
SNORA26,0.0
SNORA27,0.0
SNORA28,0.0
SNORA29,0.0
SNORA2A,0.0
SNORA2B,0.0
SNORA2C,0.0
SNORA30,0.0
SNORA30B,0.0
SNORA31,0.0
SNORA31B,0.0
SNORA32,0.0
SNORA33,0.0
SNORA35,0.0
SNORA35B,0.0
SNORA36A,0.0
SNORA36B,0.0
SNORA36C,0.0
SNORA37,0.0
SNORA38,0.0
SNORA38B,0.0
SNORA3A,0.0
SNORA3B,0.0
SNORA3C,0.0
SNORA4,0.0
SNORA40,0.0
SNORA40B,0.0
SNORA40C,0.0
SNORA41,0.0
SNORA41B,0.0
SNORA44,0.0
SNORA46,0.0
SNORA47,0.0
SNORA48,0.0
SNORA48B,0.0
SNORA49,0.0
SNORA50A,0.0
SNORA50B,0.0
SNORA50C,0.0
SNORA50D,0.0
SNORA51,0.0
SNORA52,0.0
SNORA53,0.910085
SNORA54,0.0
SNORA55,0.0
SNORA56,0.0
SNORA57,0.0
SNORA58,0.0
SNORA58B,0.0
SNORA59A,0.0
SNORA59B,0.420102
SNORA5A,0.0
SNORA5B,0.0
SNORA5C,0.0
SNORA6,0.0
SNORA60,0.0
SNORA61,0.0
SNORA62,0.0
SNORA63,0.0
SNORA63B,0.0
SNORA63C,0.0
SNORA63D,0.0
SNORA63E,0.0
SNORA64,0.0
SNORA65,0.0
SNORA66,0.0
SNORA67,0.0
SNORA68,0.0
SNORA68B,0.0
SNORA69,0.0
SNORA70,0.0101
SNORA70B,0.0
SNORA70C,0.0
SNORA70D,0.0
SNORA70E,0.0
SNORA70F,0.0
SNORA70G,0.0
SNORA70H,0.0
SNORA70I,0.0
SNORA70J,0.0
SNORA71,0.0
SNORA71A,0.0
SNORA71B,0.790073
SNORA71C,0.0
SNORA71D,0.0
SNORA71E,0.0
SNORA72,0.0
SNORA73,0.0
SNORA73A,1.470103
SNORA73B,4.620083
SNORA74,0.0
SNORA74A,0.0
SNORA74B,0.0
SNORA74C-1,0.0
SNORA74C-2,0.0
SNORA74D,0.0
SNORA75,0.0
SNORA75B,0.0
SNORA77,0.0
SNORA77B,0.0
SNORA78,0.0
SNORA79,0.0
SNORA79B,0.0
SNORA7A,0.0
SNORA7B,0.0
SNORA8,0.0
SNORA80A,0.0
SNORA80B,0.0
SNORA80C,0.0
SNORA80D,0.0
SNORA80E,0.0
SNORA81,0.0
SNORA84,0.0
SNORA9,0.0
SNORA9B,0.0
SNORD10,0.0
SNORD100,0.0
SNORD101,0.0
SNORD102,0.0
SNORD104,0.0
SNORD105,0.0
SNORD105B,0.0
SNORD107,0.0
SNORD108,0.0
SNORD109A,0.0
SNORD109B,0.0
SNORD11,0.0
SNORD110,0.0
SNORD111,0.0
SNORD111B,0.0
SNORD112,0.0
SNORD113-1,0.0
SNORD113-2,0.0
SNORD113-3,0.0
SNORD113-4,0.0
SNORD113-5,0.0
SNORD113-6,0.0
SNORD113-7,0.0
SNORD113-8,0.0
SNORD113-9,0.0
SNORD114-1,0.0
SNORD114-10,0.0
SNORD114-11,0.0
SNORD114-12,0.0
SNORD114-13,0.0
SNORD114-14,0.0
SNORD114-15,0.0
SNORD114-16,0.0
SNORD114-17,0.0
SNORD114-18,0.0
SNORD114-19,0.0
SNORD114-2,0.0
SNORD114-20,0.0
SNORD114-21,0.0
SNORD114-22,0.0
SNORD114-23,0.0
SNORD114-24,0.0
SNORD114-25,0.0
SNORD114-26,0.0
SNORD114-27,0.0
SNORD114-28,0.0
SNORD114-29,0.0
SNORD114-3,0.0
SNORD114-30,0.0
SNORD114-31,0.0
SNORD114-4,0.0
SNORD114-5,0.0
SNORD114-6,0.0
SNORD114-7,0.0
SNORD114-9,0.0
SNORD115,0.0
SNORD115-1,0.0
SNORD115-10,0.0
SNORD115-11,0.0
SNORD115-12,0.0
SNORD115-13,0.0
SNORD115-14,0.0
SNORD115-15,0.0
SNORD115-16,0.0
SNORD115-17,0.0
SNORD115-18,0.0
SNORD115-19,0.0
SNORD115-2,0.0
SNORD115-20,0.0
SNORD115-21,0.0
SNORD115-22,0.0
SNORD115-23,0.0
SNORD115-24,0.0
SNORD115-25,0.0
SNORD115-26,0.0
SNORD115-27,0.0
SNORD115-28,0.0
SNORD115-29,0.0
SNORD115-3,0.0
SNORD115-30,0.0
SNORD115-31,0.0
SNORD115-32,0.0
SNORD115-33,0.0
SNORD115-34,0.0
SNORD115-35,0.0
SNORD115-36,0.0
SNORD115-37,0.0
SNORD115-38,0.0
SNORD115-39,0.0
SNORD115-4,0.0
SNORD115-40,0.0
SNORD115-41,0.0
SNORD115-42,0.0
SNORD115-43,0.0
SNORD115-44,0.0
SNORD115-45,0.0
SNORD115-46,0.0
SNORD115-47,0.0
SNORD115-48,0.0
SNORD115-5,0.0
SNORD115-6,0.0
SNORD115-7,0.0
SNORD115-8,0.0
SNORD115-9,0.0
SNORD116,0.0
SNORD116-1,0.0
SNORD116-10,0.0
SNORD116-11,0.0
SNORD116-12,0.0
SNORD116-13,0.0
SNORD116-14,0.0
SNORD116-15,0.0
SNORD116-16,0.0
SNORD116-17,0.0
SNORD116-18,0.0
SNORD116-19,0.0
SNORD116-2,0.0
SNORD116-20,0.0
SNORD116-21,0.0
SNORD116-22,0.0
SNORD116-23,0.0
SNORD116-24,0.0
SNORD116-25,0.0
SNORD116-26,0.0
SNORD116-27,0.0
SNORD116-28,0.0
SNORD116-29,0.0
SNORD116-3,0.0
SNORD116-30,0.0
SNORD116-4,0.0
SNORD116-5,0.0
SNORD116-6,0.0
SNORD116-7,0.0
SNORD116-8,0.0
SNORD116-9,0.0
SNORD117,0.0
SNORD118,0.0
SNORD11B,0.0
SNORD12,0.0
SNORD121A,0.0
SNORD121B,0.0
SNORD123,0.0
SNORD124,0.0
SNORD125,0.0
SNORD126,0.0
SNORD127,0.0
SNORD12B,0.0
SNORD12C,0.0
SNORD13,0.0
SNORD13D,0.0
SNORD13E,0.0
SNORD13P1,0.0
SNORD13P3,0.0
SNORD14,0.0
SNORD14A,0.0
SNORD14B,0.0
SNORD14C,0.0
SNORD14D,0.0
SNORD14E,0.0
SNORD15A,0.0
SNORD15B,1.090137
SNORD16,0.0
SNORD17,2.82
SNORD18,0.0
SNORD18A,0.0
SNORD18B,0.0
SNORD18C,0.0
SNORD19,0.0
SNORD19B,0.0
SNORD19C,0.0
SNORD1A,0.0
SNORD1B,0.0
SNORD1C,0.0
SNORD2,0.0
SNORD20,0.0
SNORD21,0.0
SNORD22,0.0
SNORD23,0.0
SNORD24,0.0
SNORD25,0.0
SNORD26,0.0
SNORD27,0.0
SNORD28,0.0
SNORD28B,0.0
SNORD29,0.0
SNORD30,0.0
SNORD31B,0.0
SNORD32A,0.0
SNORD32B,0.0
SNORD33,0.0
SNORD34,0.0
SNORD35A,0.0
SNORD35B,0.0
SNORD36,0.0
SNORD36A,0.0
SNORD36B,0.0
SNORD36C,0.0
SNORD37,0.0
SNORD38A,0.0
SNORD38B,0.0
SNORD38C,0.0
SNORD38D,0.0
SNORD39,0.0
SNORD3A,112.368073
SNORD3B-1,0.890102
SNORD3B-2,0.640102
SNORD3C,0.0
SNORD3D,0.0
SNORD3E,0.0
SNORD3G,0.0
SNORD3H,0.0
SNORD3J,0.0
SNORD3P1,0.0
SNORD41,0.0
SNORD42,0.0
SNORD42A,0.0
SNORD42B,0.0
SNORD43,0.0
SNORD45A,0.0
SNORD45B,0.0
SNORD45C,0.0
SNORD46,0.0
SNORD48,0.0
SNORD49A,0.0
SNORD49B,0.0
SNORD4A,0.0
SNORD4B,0.0
SNORD5,0.0
SNORD50B,0.0
SNORD51,0.0
SNORD52,0.0
SNORD53,0.0
SNORD53B,0.0
SNORD54,0.0
SNORD55,0.0
SNORD56,0.0
SNORD56B,0.0
SNORD57,0.0
SNORD58,0.0
SNORD58A,0.0
SNORD58B,0.0
SNORD58C,0.0
SNORD59A,0.0
SNORD6,0.0
SNORD60,0.0
SNORD61,0.0
SNORD62,0.0
SNORD62A,0.0
SNORD62B,0.0
SNORD63,0.0
SNORD63B,0.0
SNORD64,0.0
SNORD65,0.0
SNORD65B,0.0
SNORD65C,0.0
SNORD66,0.0
SNORD67,0.0
SNORD68,0.0
SNORD69,0.0
SNORD7,0.0
SNORD70,0.0
SNORD70B,0.0
SNORD71,0.0
SNORD72,0.0
SNORD73A,0.0
SNORD73B,0.0
SNORD74B,0.0
SNORD77B,0.0
SNORD79,0.0
SNORD8,0.0
SNORD81,0.0
SNORD82,0.0
SNORD83,0.0
SNORD83A,0.0
SNORD83B,0.0
SNORD84,0.0
SNORD86,0.0
SNORD87,0.0
SNORD88A,0.0
SNORD88B,0.0
SNORD88C,0.0
SNORD89,0.0
SNORD9,0.0
SNORD90,0.0
SNORD91A,0.0
SNORD91B,0.0
SNORD92,0.0
SNORD93,0.0
SNORD94,0.0
SNORD95,0.0
SNORD96A,0.0
SNORD96B,0.0
SNORD97,0.0
SNORD98,0.0
SNORD99,0.0
U1,20.160723
U2,0.0
U3,4.170231
U4,0.0
U6,0.0
U7,0.0
U8,0.0
VTRNA1-1,0.0
VTRNA1-2,0.0
VTRNA1-3,0.0
VTRNA2-1,0.0
VTRNA2-2P,0.0
VTRNA3-1P,0.0
Vault,0.0
Y_RNA,0.0
Z74021.1,0.0
Z82188.1,0.0
Z99714.1,0.0
snoZ196,0.0
,0.0
